filename, cannabis, cigar, cocaine, hookah, lsd, mashrooms, pills, rawcannabis, syrup
0iraKHGk9L_jpg.rf.86feffec6a696166db62eb2478f36229.jpg, 0, 0, 1, 0, 0, 0, 0, 0, 0
BrOK_dcHCzv_jpg.rf.8753a4c988ffe3821ff7cff4d66d5a71.jpg, 1, 0, 0, 0, 0, 0, 0, 0, 0
B-UMzVCAw_p_jpg.rf.8755e017cbce8b766209f8455fefe5f5.jpg, 0, 0, 1, 0, 0, 0, 0, 0, 0
B7rP_f5BHqA_jpg.rf.8645012ce666438b4b68962f359ba52d.jpg, 0, 0, 0, 0, 0, 0, 0, 0, 1
_D1x9YQF6W_jpg.rf.86fba05b2b3889210cc5441d632818a1.jpg, 0, 0, 0, 0, 0, 0, 0, 0, 1
B8jQ0utJ7xo_jpg.rf.8aa31a77604e47e9d7722264bb5a3bcf.jpg, 0, 0, 0, 0, 0, 0, 0, 1, 0
B8jLVoUhiUz_jpg.rf.8a35b4a654fad5a6a5553faeaa27a99b.jpg, 0, 0, 0, 0, 0, 0, 0, 1, 0
B8jRxIVgu-K_jpg.rf.864ab61dbfd43d5beb03f2c58399da92.jpg, 0, 0, 0, 0, 0, 0, 0, 1, 0
BE-IdalPK8x_jpg.rf.88a9ba4c1b2030efe0c058c5e92e0bb7.jpg, 0, 0, 0, 0, 0, 0, 0, 0, 1
B7rVHsnDDMW_jpg.rf.8a6df1e7a57c66f3d6fedae435ee99e8.jpg, 0, 0, 0, 0, 1, 0, 0, 0, 0
Bpk537IHkEe_jpg.rf.87cee38db6e75129483530e4aeaa349c.jpg, 1, 0, 0, 0, 0, 0, 0, 0, 0
83706057_1326904084160973_4083448624716617515_n_jpg.rf.87813fbab6ddaa1e3feed65ad8a0a829.jpg, 0, 0, 0, 0, 1, 0, 0, 0, 0
B8hOkpGna2l_jpg.rf.87c70fd623393e94ec4cdd97dd129bfc.jpg, 0, 0, 0, 0, 0, 1, 0, 0, 0
B8eaAiXnb4R_jpg.rf.88ed100233c9bdd0f6fc946b20a39bfe.jpg, 0, 0, 0, 0, 0, 1, 0, 0, 0
B8ozg1MHL3c_jpg.rf.8be31d7c213678684268eb628f17e93a.jpg, 0, 1, 0, 0, 0, 0, 0, 0, 0
B3Mu2cpFxrm_jpg.rf.871591628b4aed5b3ca7ccb12636a5cf.jpg, 0, 0, 0, 1, 0, 0, 0, 0, 0
B8gnxugJgyJ_jpg.rf.8cd856bb0e72441850167a82237a740c.jpg, 1, 0, 0, 0, 1, 1, 0, 0, 0
B8jQ9eyJL6J_jpg.rf.8f9c27771b5bb57bbc61015ebc3e161f.jpg, 0, 0, 0, 0, 0, 0, 0, 1, 0
B8cpb0pIWEz_jpg.rf.8e6aada91c598ba06544949769321ab8.jpg, 0, 0, 0, 0, 0, 1, 0, 0, 0
B8pAoQqgmkN_jpg.rf.8b820c2c21160376119376d2df5b92f0.jpg, 0, 1, 0, 0, 0, 0, 0, 0, 0
BgHTIkEhzWJ_jpg.rf.911171378925071307a96e212b247138.jpg, 1, 0, 0, 0, 0, 0, 0, 0, 0
B8jSYERBZgu_jpg.rf.91f5b426518d00108dce582b57cddb97.jpg, 0, 0, 0, 0, 0, 0, 0, 1, 0
B7vAO06hc9G_jpg.rf.8e3f3facf408ef4122568e518bd17620.jpg, 0, 0, 0, 0, 0, 0, 0, 0, 1
B0ByaISlhJA_jpg.rf.90a6a16f7cd8727cf274ea9fabc26077.jpg, 0, 0, 0, 1, 0, 0, 0, 0, 0
B86uvy9C9a__jpg.rf.8c042d47ecc98bc229d0ce1dc479021d.jpg, 0, 0, 1, 0, 0, 0, 0, 0, 0
B8AxkSyjP_X_jpg.rf.8ff25d38a9c50b746f892cdf30254fd0.jpg, 0, 0, 0, 0, 1, 0, 0, 0, 0
B8qYd-hBnq2_jpg.rf.8b5093ccba1f2bc10bec3c1064cf9d26.jpg, 0, 0, 1, 0, 0, 0, 0, 0, 0
B8cewCGpBlk_jpg.rf.938ab4b2366a69270a1a97af9c2eeec1.jpg, 0, 0, 0, 0, 0, 1, 0, 0, 0
B8jK_XrFM-2_jpg.rf.93d42cde86a5a738b00d6ceb4e838060.jpg, 0, 0, 0, 0, 0, 0, 0, 1, 0
B8o7qWdH-HS_jpg.rf.955ceb4ea4912f2061119ee37e96926e.jpg, 0, 1, 0, 0, 0, 0, 0, 0, 0
B9CenrPg2mc_jpg.rf.9207d0833d0a6daba10f3098f0b951a3.jpg, 0, 0, 1, 0, 0, 0, 0, 0, 0
B8eIwMdHAjM_jpg.rf.920f329ac52be1e25c501af8e5c08cc3.jpg, 0, 0, 0, 0, 0, 1, 0, 0, 0
B8jQ1b5hwHH_jpg.rf.930d97b12506d6c8f637a791044f6e25.jpg, 0, 0, 0, 0, 0, 0, 0, 1, 0
B1O4QNpAY7__jpg.rf.93479d2c0a0a3972a3f8eadb43e08d91.jpg, 0, 0, 1, 0, 0, 0, 0, 0, 0
B8av-Dvlk5-_jpg.rf.931749645a52f594cbe9d828ebaeb089.jpg, 0, 0, 0, 0, 1, 0, 0, 0, 0
B7yOsEIBKrs_jpg.rf.95460e8974e789ab9d80d5e422e34b22.jpg, 0, 0, 0, 0, 0, 0, 0, 0, 1
B-FFVxKj0RZ_jpg.rf.8ea93054d8db62501e0f9c13cae33519.jpg, 0, 0, 1, 0, 0, 0, 0, 0, 0
B1RzTILFPKj_jpg.rf.92f32a66d2353a694c831c26ecd41ffb.jpg, 0, 0, 0, 1, 0, 0, 0, 0, 0
B8jPXI5gBT4_jpg.rf.965d472ae1390844fb597d288fe4f5f5.jpg, 0, 0, 0, 0, 0, 0, 0, 1, 0
B8jaw-mB3Pq_jpg.rf.965d09302ce82591acf8b39960b59d7f.jpg, 0, 0, 0, 0, 1, 0, 0, 0, 0
B96mh1ihPdh_jpg.rf.951a3e2db32d3e92ddb10bd8e8276964.jpg, 0, 0, 1, 0, 0, 0, 0, 0, 0
B91xwgghreg_jpg.rf.93908c87236702c8ce52f0cee7b3a58c.jpg, 0, 0, 1, 0, 0, 0, 1, 0, 0
BlEq2xZBgu6_jpg.rf.9852f8202a4026795a90df3923c818ce.jpg, 1, 0, 0, 0, 0, 0, 0, 0, 0
B3RCbnInlpy_jpg.rf.9737ea4b085402a11348edc40783ad7c.jpg, 0, 0, 0, 1, 0, 0, 0, 0, 0
B8msMTcpVTL_jpg.rf.962715b88dc2e1258c68813a1dcb5d92.jpg, 0, 1, 0, 0, 0, 0, 0, 0, 0
B8PdTv7n-NV_jpg.rf.990e340599bb2c3e32bf01fca9c62588.jpg, 0, 0, 0, 0, 1, 0, 0, 0, 0
B8eqOM_Hn_h_jpg.rf.91ce70d639c89752abb2ddc753a54cbb.jpg, 0, 0, 0, 0, 1, 0, 1, 0, 0
B0OEa7dhMTd_jpg.rf.9cd141a1aed2075b1ee8ea941d69ac4d.jpg, 0, 0, 0, 1, 0, 0, 0, 0, 0
83488700_2567996696787193_8771897836754397338_n_jpg.rf.9a32bcbe8f17047e014a3ddfa7b4e507.jpg, 0, 0, 0, 0, 0, 0, 1, 0, 0
BCjJ0gnkkm0_jpg.rf.9ed467d441bc4f77c6923ef17cc5dcaf.jpg, 0, 0, 0, 0, 0, 0, 0, 0, 1
B8o8xRHnZMY_jpg.rf.980ee5b643572a766f08eada1ad14f3b.jpg, 0, 1, 0, 0, 0, 0, 0, 0, 0
B-bft5_BgYg_jpg.rf.98802f81a6737daf8effd0bd7f66c403.jpg, 0, 0, 1, 0, 0, 0, 0, 0, 0
B8o501gnTkT_jpg.rf.98f4043ba8956096956c90225f3d23fc.jpg, 0, 1, 0, 0, 0, 0, 0, 0, 0
B8o80BwHfNx_jpg.rf.97fe6d49e234a441e41a14af28f7b0b2.jpg, 0, 1, 0, 0, 0, 0, 0, 0, 0
B3j5WX5lp9C_jpg.rf.9aff1f4f788d530528cbfc8ea861a2ab.jpg, 0, 0, 0, 1, 0, 0, 0, 0, 0
B8DcW2aB_wr_jpg.rf.9887bbf3009501b0b9c88172127ec026.jpg, 0, 0, 0, 0, 0, 0, 0, 0, 1
B8o22QdH71S_jpg.rf.a0508b609ae88f2a3a1f75b585633e0b.jpg, 0, 1, 0, 0, 0, 0, 0, 0, 0
83087827_194328171761324_2480634508166031532_n_jpg.rf.9e0d47ff8f6a8542fdfde503d4365bfa.jpg, 0, 0, 0, 0, 0, 0, 1, 0, 0
84481903_2605227646391181_8901394262416269317_n_jpg.rf.9a2c59a06fdd363559e1dc84d5885990.jpg, 0, 0, 0, 0, 0, 0, 1, 0, 0
B8jT-MRgAtE_jpg.rf.963780534ffa52f1d88c75954acdc8be.jpg, 0, 0, 0, 0, 0, 0, 0, 1, 0
82582291_871668709954056_4771952774381060746_n_jpg.rf.9db6e70ee22a47a1e2f5771bd4d4caf0.jpg, 0, 0, 0, 0, 0, 0, 1, 0, 0
B8jLQ1vFbpx_jpg.rf.a1918d4aee2236bd198afb85c9a9dd1a.jpg, 0, 0, 0, 0, 0, 0, 0, 1, 0
B8o_D-MKD2J_jpg.rf.a10b2a0c7848af90d34f30341c193135.jpg, 0, 1, 0, 0, 0, 0, 0, 0, 0
B8pAaH1I45r_jpg.rf.9eee7943be65808bb6eeef57f8d11cdb.jpg, 0, 1, 0, 0, 0, 0, 0, 0, 0
B8AkdpWA-4O_jpg.rf.9bef861574457db377dd3d608f597792.jpg, 0, 0, 0, 0, 1, 0, 0, 0, 0
B8gsil7BQ7N_jpg.rf.9ffd31c799a988a4a8230cafb8122d19.jpg, 0, 0, 0, 0, 0, 1, 0, 0, 0
B92npLIDTfx_jpg.rf.a0352479b18c1134b85aaa5bbeaea1da.jpg, 0, 0, 1, 0, 0, 0, 0, 0, 0
BR3qunLggUW_jpg.rf.a1cbe6e8cac7a7312fac52d00405fa48.jpg, 1, 0, 0, 0, 0, 0, 0, 0, 0
B8pAfpeHM6p_jpg.rf.a39b39f496ddf755a1ff1211552870b8.jpg, 0, 1, 0, 0, 0, 0, 0, 0, 0
B8jQ0CPApXC_jpg.rf.a483cc87bf661118a5faed0c06fee416.jpg, 0, 0, 0, 0, 0, 0, 0, 1, 0
B2E_wo0lIoV_jpg.rf.96629ce90db7467037c089363f6bea07.jpg, 0, 0, 0, 1, 0, 0, 0, 0, 0
83159305_418638515547597_8487779724976633246_n_jpg.rf.a4a1bf777e1e6d8f9fd483a3431efa2a.jpg, 0, 0, 0, 0, 0, 0, 1, 0, 0
B8aZcargX10_jpg.rf.a3d3dc7a3254f2764ac15644c840a076.jpg, 0, 0, 0, 0, 1, 0, 0, 0, 0
B8dQJ3vIZWD_jpg.rf.a217dedeff6245c00c349c308d3f2802.jpg, 0, 0, 0, 0, 0, 1, 0, 0, 0
B8pAcYXF_xZ_jpg.rf.a4677f4b0daf597824552d6d4a928ecc.jpg, 0, 1, 0, 0, 0, 0, 0, 0, 0
B8jM-bxp_m__jpg.rf.a362a0620d6a205e98edab0b315e4e43.jpg, 0, 0, 0, 0, 0, 0, 0, 1, 0
5sxdQnLbmc_jpg.rf.a89a6fdfec0b11fd461163957e169330.jpg, 1, 0, 0, 0, 0, 0, 0, 0, 0
B8jPW_QhZBT_jpg.rf.a37b29be30c1f5bc7e844321e63e35f0.jpg, 0, 0, 0, 0, 0, 0, 0, 1, 0
BPs59mplA03_jpg.rf.a575f1fc8598028c590d20d7c1ce3344.jpg, 1, 0, 0, 0, 0, 0, 0, 0, 0
B8hIeP1ANfP_jpg.rf.a69747c71fcd489802a53cc52465b564.jpg, 0, 0, 0, 0, 0, 1, 0, 0, 0
B2gCIbhBOna_jpg.rf.a3d6f8952e5870f82233efcceaddbe1f.jpg, 0, 0, 0, 1, 0, 0, 0, 0, 0
B8o7u84nyRl_jpg.rf.aa5a029a5d6976339c61b43c79ddf40e.jpg, 0, 1, 0, 0, 0, 0, 0, 0, 0
B8pAQayI6pz_jpg.rf.a4b9f69439919b7058f9d6e2d737efcd.jpg, 0, 1, 0, 0, 0, 0, 0, 0, 0
B8Z4C4xBRD9_jpg.rf.aa5764baf35cd4c1bf771c54ccba43be.jpg, 0, 0, 0, 0, 0, 0, 0, 0, 1
Bq3b2vonHkN_jpg.rf.a88e9876b9adf423560f3a3f105f4a80.jpg, 1, 0, 0, 0, 0, 0, 0, 0, 0
B4byukYhufZ_jpg.rf.a378a5daecb144baba5efc9b391f0b32.jpg, 0, 0, 0, 1, 0, 0, 0, 0, 0
B8el1EypNuY_jpg.rf.aa06866871cfa3c8e46ad183348611df.jpg, 0, 0, 0, 0, 1, 0, 0, 0, 0
BOU7pCvFtRq_jpg.rf.a580a0054ac53b3ce422787452b29bf4.jpg, 1, 0, 0, 0, 0, 0, 0, 0, 0
B8jT7NXBF06_jpg.rf.aaf9dbfd6f7374287dee037d1c7322d6.jpg, 0, 0, 0, 0, 0, 0, 0, 1, 0
B8cUYpNHZOE_jpg.rf.a931796cfcf34acae940fe5468e6102c.jpg, 0, 0, 0, 0, 0, 1, 0, 0, 0
B8jQLLxjjBE_jpg.rf.ace1898f61e4317d44ea97e583783074.jpg, 0, 0, 0, 0, 0, 0, 0, 1, 0
B8jWECSnJLK_jpg.rf.aabadfd42d062143858e955b5348282a.jpg, 0, 0, 0, 0, 1, 0, 0, 0, 0
3-drugabuse_shutterstock-217852807-cocaine-on-table-rolled-bill_jpg.rf.a9ee1284f1f46803623c91e1cffd46b0.jpg, 0, 0, 1, 0, 0, 0, 0, 0, 0
B-WzUMWnAcY_jpg.rf.acd546107cd9eb363686e541855ad7cc.jpg, 0, 0, 1, 0, 0, 0, 0, 0, 0
B8jTlafKLk4_jpg.rf.ab17337e6c7f8186c9839fe8afb0c8e2.jpg, 0, 0, 0, 0, 0, 0, 0, 1, 0
B8evz3LJT6P_jpg.rf.a953e9675122fad77667438de63e3c6e.jpg, 0, 0, 0, 0, 0, 1, 0, 0, 0
64602040_465646914264599_6613420315596391217_n_jpg.rf.abb18e00b9ef00cf455b45c05cb1b265.jpg, 0, 0, 0, 0, 0, 0, 1, 0, 0
B9zzUxwB_4n_jpg.rf.add04497128d474d4ef9acd2bc052628.jpg, 0, 0, 1, 0, 0, 0, 0, 0, 0
82341125_1136041010071759_3564042906798915584_n_jpg.rf.afe045af6c46716d65fd3f59a142b83b.jpg, 0, 0, 0, 0, 1, 0, 0, 0, 0
B7w1rJZJOto_jpg.rf.ada420c4d30e09763fad66d1df2a8a1d.jpg, 0, 0, 0, 0, 0, 0, 0, 0, 1
BT2VDpEAnIO_jpg.rf.b03c00a355d188e5ce4886ce9270e2d8.jpg, 1, 0, 0, 0, 0, 0, 0, 0, 0
0c_Oy8zeAS_jpg.rf.ac5efb4a1764b47954213f87e462f77f.jpg, 1, 0, 0, 0, 0, 0, 0, 0, 0
B8jRxw6Brc2_jpg.rf.b0e60fb555cdfed7fd9543511dc06250.jpg, 0, 0, 0, 0, 0, 0, 0, 1, 0
B0ONca1Bz_D_jpg.rf.ae0736eb7030d3cfbc3e1e1e0f545e48.jpg, 0, 0, 0, 1, 0, 0, 0, 0, 0
B5WZc_bJFmE_jpg.rf.abd5b10eadb0ec47df23ea8812901baf.jpg, 0, 0, 0, 0, 0, 0, 0, 0, 1
B-N_Ue6BxSE_jpg.rf.af5639f5bfbf6be22fd3da2d3776e50d.jpg, 0, 0, 1, 0, 0, 0, 0, 0, 0
82336913_1032696853762533_2720151822715019772_n_jpg.rf.ab246de517bce879dec920ad07f6c0a5.jpg, 0, 0, 0, 0, 1, 0, 0, 0, 0
B8o8s9Bl2Vp_jpg.rf.b291d9392b4132b3e65e318a00f60765.jpg, 0, 1, 0, 0, 0, 0, 0, 0, 0
B8jLPmuBqpK_jpg.rf.ad34539207dec3750624b17d32d6ca4d.jpg, 0, 0, 0, 0, 0, 0, 0, 1, 0
B8aHLFIHO9y_jpg.rf.b047614e285beca2fa6e6fa483e2b093.jpg, 0, 0, 0, 0, 0, 1, 0, 0, 0
69835108_421296762149271_3764246812631948844_n_jpg.rf.b09c1be5bf08510e76c4a52d0d4573ec.jpg, 0, 0, 0, 0, 0, 0, 1, 0, 0
BCypej0yFVn_jpg.rf.b475f1fc5bf0ffc69af14b3ae93c7de8.jpg, 0, 0, 0, 0, 0, 0, 0, 0, 1
B83sdLSBCBj_jpg.rf.b482b899cb01be60bd84ec1af26bb7a6.jpg, 0, 0, 1, 0, 0, 0, 0, 0, 0
B8C0GaMjiwd_jpg.rf.b09284fbe65a622a7d509b021a3a099c.jpg, 0, 0, 0, 0, 1, 0, 0, 0, 0
B8pbb-PHrE9_jpg.rf.b2e412ad88bbe40d92924ee411a26f9a.jpg, 0, 1, 0, 0, 0, 0, 0, 0, 0
B8jQzxCpQYb_jpg.rf.b533216162915d8e6f8d2c85f5b824c5.jpg, 0, 0, 0, 0, 0, 0, 0, 1, 0
B8uhammj_bF_jpg.rf.b3e473033626cba3802cca2ad241522f.jpg, 0, 0, 0, 0, 0, 0, 0, 0, 1
B8cbTKEHv_6_jpg.rf.ae43961145e6a5ece2dd1e412e9bd12f.jpg, 0, 0, 0, 0, 1, 0, 0, 0, 0
B8hJLlPpR4C_jpg.rf.b21c3bffa3c6f2d66d0ba924a55f0311.jpg, 0, 0, 0, 0, 0, 1, 0, 0, 0
82594563_230139248148036_5386179281279858216_n_jpg.rf.b266853741cd3518a9cb8f282d4f6acc.jpg, 0, 0, 0, 0, 1, 0, 0, 0, 0
B63a-Szne7F_jpg.rf.b58bc3d44a9aea877eb98b699de25d54.jpg, 0, 0, 0, 0, 0, 0, 1, 0, 0
BpAr6sChS_N_jpg.rf.b1ee4058f565e96a69f3b211b7b01d03.jpg, 1, 0, 0, 0, 0, 0, 0, 0, 0
B8o9Wv3HqzO_jpg.rf.b1f656786729085c5a7ad552f2efb339.jpg, 0, 1, 0, 0, 0, 0, 0, 0, 0
BQYqvyZDvFD_jpg.rf.affa5e4645b9cd166fa73ad1a9c229b5.jpg, 1, 0, 0, 0, 0, 0, 0, 0, 0
BS_6887A8cN_jpg.rf.b1b056017ccf1978afd0ce655776463d.jpg, 1, 0, 0, 0, 0, 0, 0, 0, 0
82588565_474655846811877_7136667654103655305_n_jpg.rf.b6ccc1f4cb48e17081ffb350232d6d54.jpg, 0, 0, 0, 0, 0, 0, 1, 0, 0
B8jQCuljA1H_jpg.rf.b671692a9abbf1c0bc0cd2b2c171ba65.jpg, 0, 0, 0, 0, 0, 0, 0, 1, 0
B8jLoDLBQt4_jpg.rf.b75b3d07d3e931ddd5add0b2b54df75d.jpg, 0, 0, 0, 0, 0, 0, 0, 1, 0
B8oz-vpoSdi_jpg.rf.b530d5f04da46bc00ad334770f688767.jpg, 0, 1, 0, 0, 0, 0, 0, 0, 0
B8o193RHrMX_jpg.rf.b92da53927c499c40a67b13f2528a592.jpg, 0, 1, 0, 0, 0, 0, 0, 0, 0
BoW-bjxHAKO_jpg.rf.b726c92f4acb41e5b216707e732b94f3.jpg, 1, 0, 0, 0, 0, 0, 0, 0, 0
B8o36HyBMYp_jpg.rf.bbb093e54a665a7818fb0f757415db8f.jpg, 0, 1, 0, 0, 0, 0, 0, 0, 0
B8pBaXaH5Fe_jpg.rf.bac3044631cbd97cab24c5d5c89cb7a9.jpg, 0, 1, 0, 0, 0, 0, 0, 0, 0
B8japujBEY__jpg.rf.ba6b2411afb5bd412b0639165080b295.jpg, 0, 0, 0, 0, 1, 0, 0, 0, 0
-2SSs0oXXe_jpg.rf.b86fb9d6f83d5d10c184caa193200a67.jpg, 1, 0, 0, 0, 0, 0, 0, 0, 0
B-TTvj4jVYK_jpg.rf.b95befeb085b68c89c2d1b7c54335bf3.jpg, 0, 0, 1, 0, 0, 0, 0, 0, 0
B1TUP0uBG4O_jpg.rf.b93828c60c6106dfaeacbc3179d1b70f.jpg, 0, 0, 0, 1, 0, 0, 0, 0, 0
B8eacW6nwrk_jpg.rf.b8c6d3d0b86512239d6b3d56a525781e.jpg, 0, 0, 0, 0, 0, 1, 0, 0, 0
B8JgTPChUIk_jpg.rf.bcc6e1fa216d67d91dcb6a60781d4446.jpg, 0, 0, 0, 0, 0, 0, 1, 0, 0
B8wMnoYhweP_jpg.rf.bc58bd4afe257bbdccbaa05605049296.jpg, 0, 0, 1, 0, 0, 0, 0, 0, 0
B8f4b-MHGKj_jpg.rf.be7421396ef156c881b2069b6db3465e.jpg, 0, 0, 0, 0, 0, 1, 0, 0, 0
B8ajjVEJHQ3_jpg.rf.b6fbe5604c66cb353cda78ac9831fbfb.jpg, 0, 0, 0, 0, 0, 1, 0, 0, 0
82885673_200455701352705_3635016844823162618_n_jpg.rf.ba544289f20d04bc46f8422d18a95fec.jpg, 0, 0, 0, 0, 1, 0, 0, 0, 0
_-jB8evNty_jpg.rf.b7bdeea3980bfa1b045670a34e63aa3f.jpg, 0, 0, 0, 0, 0, 0, 0, 0, 1
B8pAjQcISK5_jpg.rf.b9d3ac6ff0f4011ffe34c5ec2521b983.jpg, 0, 1, 0, 0, 0, 0, 0, 0, 0
B8o39KJHwKC_jpg.rf.baa942f01ce38b29423473da9dc73b98.jpg, 0, 1, 0, 0, 0, 0, 0, 0, 0
B4B84T1pIyT_jpg.rf.badbe6e31e2585338290209c6b57027b.jpg, 0, 0, 0, 1, 0, 0, 0, 0, 0
15-cocaine-0_jpg.rf.bf0f03597c449f76301e36e3777cc9c6.jpg, 0, 0, 1, 0, 0, 0, 0, 0, 0
0D1CbMySfa_jpg.rf.bafabb4927ff1360ccbd1f8e512889b4.jpg, 0, 0, 0, 0, 0, 0, 0, 0, 1
B8jSmiTheid_jpg.rf.beef0a67befba85b5219ef8b7864cd24.jpg, 0, 0, 0, 0, 0, 0, 0, 1, 0
B1ttxwWAQn4_jpg.rf.b71d56072528ab8335cddcf65a49ec3f.jpg, 0, 0, 0, 1, 0, 0, 0, 0, 0
B8fKtxtI2k8_jpg.rf.bd009e6c039c3a7e52cd0d15c4f558dc.jpg, 0, 0, 0, 0, 0, 1, 0, 0, 0
B8OUiwzJfQb_jpg.rf.bf34a6b74c237fd2b6d8a9238ac19d40.jpg, 0, 0, 0, 0, 1, 0, 0, 0, 0
B8S2IC9FLAy_jpg.rf.bf7ae1c3a38a4027784a76e5bcada5e4.jpg, 0, 0, 0, 0, 0, 0, 1, 0, 0
B8g7PqRgLI6_jpg.rf.b9f8d95846c24b5e6c7d892ef29d63ae.jpg, 0, 0, 0, 0, 0, 1, 0, 0, 0
1555315_jpg.rf.bf2eee1914f577b0ab495d37b12d3cea.jpg, 0, 0, 1, 0, 0, 0, 0, 0, 0
B8ckH39pfQR_jpg.rf.bd8712b01de2240bced2792341507a3e.jpg, 0, 0, 0, 0, 0, 1, 0, 0, 0
B-J93DTB0Y1_jpg.rf.bf33cab55261e4c1a65e7cf0e39d2353.jpg, 0, 0, 1, 0, 0, 0, 0, 0, 0
BT2T6uiAmTp_jpg.rf.c22f1c04a5f46628b82374940720092b.jpg, 1, 0, 0, 0, 0, 0, 0, 0, 0
B8jTgAlqsp4_jpg.rf.c4b211e23f9bd6184c1a9fad8fe27f68.jpg, 0, 0, 0, 0, 0, 0, 0, 1, 0
B8jLS_MBdNj_jpg.rf.c33c5dffcf4c20769dd32a331d511cbd.jpg, 0, 0, 0, 0, 0, 0, 0, 1, 0
83198171_2597228693847483_5026951616365953420_n_jpg.rf.c0406354eb85f37bdb3024e4f9447c4d.jpg, 1, 0, 0, 0, 0, 0, 1, 0, 1
B8HYc2oJxfh_jpg.rf.c35a07ce3e702b6595716700a097c3e7.jpg, 0, 0, 0, 0, 1, 0, 0, 0, 0
B94vNuMJTBS_jpg.rf.c0374b5540f93d105f61cdd39de3909f.jpg, 0, 0, 1, 0, 0, 0, 0, 0, 0
B56WEWkhD0S_jpg.rf.c3d98cf994c538a9382d9a58f2511057.jpg, 1, 0, 0, 0, 0, 0, 0, 0, 0
B8jQrujqYL-_jpg.rf.c540fa0ba2457407681c6f1e13377e6f.jpg, 0, 0, 0, 0, 0, 0, 0, 1, 0
82314947_182986916420832_508303413876733498_n_jpg.rf.c2eea5c90b38f79a9611c7f25f232fde.jpg, 0, 0, 0, 0, 0, 0, 1, 0, 0
B8cdi5MjwbP_jpg.rf.c53ea7ae899f785c887643ac476c9cb3.jpg, 0, 0, 0, 0, 0, 1, 0, 0, 0
B2li8dBF786_jpg.rf.c50f58c6355e2c5e96dd42bd3c6bf0ca.jpg, 0, 0, 0, 1, 0, 0, 0, 0, 0
BgIi7mcBaO4_jpg.rf.c3dbee5638bba83c64fe3700d995d243.jpg, 0, 0, 0, 0, 0, 0, 0, 0, 1
B0jItkZJMcI_jpg.rf.c20b7414973f4292f3c355d236ed3e86.jpg, 0, 0, 0, 1, 0, 0, 0, 0, 0
B8paPxgpEND_jpg.rf.c509e0616bf05622e8fd8f93bdf860a6.jpg, 0, 1, 0, 0, 0, 0, 0, 0, 0
65415638_155237395609077_6819800509462995876_n_jpg.rf.c53289f8df621486936182f677feb512.jpg, 0, 0, 0, 0, 0, 0, 1, 0, 0
64836908_2509670079267148_5042655703376207069_n_jpg.rf.c2f443d4d7b2310ac39bae9ebb1fea2a.jpg, 0, 0, 0, 0, 0, 0, 1, 0, 0
B1vsZ1AFElt_jpg.rf.c21b7545dc5e99ede6b5f7d00cc012a2.jpg, 0, 0, 0, 1, 0, 0, 0, 0, 0
BbkvSr-AEFA_jpg.rf.c582ac21afa7df4e9512f9555bd8f3d1.jpg, 1, 0, 0, 0, 0, 0, 0, 0, 0
82555617_174879040455711_3703898881785258580_n_jpg.rf.c5b7405786de0b48915478ab545172d5.jpg, 0, 0, 1, 0, 0, 0, 1, 0, 0
B4fWeVnnZmP_jpg.rf.c5202d7f4669898d6ad7822644f9baf7.jpg, 0, 0, 0, 1, 0, 0, 0, 0, 0
B0d-_q9ljpq_jpg.rf.c36e1268ef77761355cfb3d09b4e83b4.jpg, 0, 0, 0, 1, 0, 0, 0, 0, 0
BF4YMDuIgN9_jpg.rf.c7570065c3629a400ed11d16ff1b70b5.jpg, 1, 0, 0, 0, 0, 0, 0, 0, 0
BOIJ7LfFTqt_jpg.rf.c7f6a9332727f3baff457e37c8b78eeb.jpg, 1, 0, 0, 0, 0, 0, 0, 0, 0
B8jQiF5B0Lf_jpg.rf.c830de6e6e080509336dd8183fafb72e.jpg, 0, 0, 0, 0, 0, 0, 0, 1, 0
B8ZAowMgupz_jpg.rf.c7eed882cea02f5cef85663c6a4cf690.jpg, 0, 0, 0, 0, 0, 1, 0, 0, 0
83145215_2912609215426331_315160708106573483_n_jpg.rf.caa1afe00d8380dcc2be8fe90f068723.jpg, 0, 0, 0, 0, 0, 0, 1, 0, 0
B0J8XS3lFLB_jpg.rf.c89c23f79e8ace9cb291af3c17bd30ed.jpg, 0, 0, 0, 1, 0, 0, 0, 0, 0
B8o_BuuHHfL_jpg.rf.c5ef5c4c8d6bb2e2aa6800f9f5f2cccb.jpg, 0, 1, 0, 0, 0, 0, 0, 0, 0
B0OKN0qhjWI_jpg.rf.c871c0ffdbcb63de14dff8e1d2dc1442.jpg, 0, 0, 0, 1, 0, 0, 0, 0, 0
B6_fF6jBTz__jpg.rf.c8a9c5ab0a52ffd4e42216429032e3ed.jpg, 0, 0, 0, 0, 0, 0, 0, 0, 1
3AsdMKIeXi_jpg.rf.c65c01101cb0e6e93e3f34a4e24bf42f.jpg, 1, 0, 0, 0, 0, 0, 0, 0, 0
_59Ht9IruF_jpg.rf.c95b73a318e74f280af5d1cb4f545436.jpg, 1, 0, 0, 0, 0, 0, 0, 0, 0
B01ZclQh556_jpg.rf.c8c9004584321c8a23813f3d1f431eb2.jpg, 0, 0, 0, 1, 0, 0, 0, 0, 0
_I8G49oXX-_jpg.rf.c5be6fa7bf6998ec6b956d210610af6b.jpg, 1, 0, 0, 0, 0, 0, 0, 0, 0
B3NFalio-ON_jpg.rf.c5ed30f4591ca3f4b07a84557523c1a3.jpg, 0, 0, 0, 1, 0, 0, 0, 0, 0
BaSFt4tlMni_jpg.rf.cb2f05979843d62606848d21bf238dd4.jpg, 0, 0, 0, 0, 0, 0, 0, 0, 1
B-UACobB8XP_jpg.rf.c673b3d0ff0daba38c45a0f43fe5b6eb.jpg, 0, 0, 1, 0, 0, 0, 0, 0, 0
B4_24itJyXI_jpg.rf.caadee98be55710c6e5141fb592382e0.jpg, 0, 0, 0, 1, 0, 0, 0, 0, 0
B9-FQ_ugWH4_jpg.rf.cb79e7b3699fa1a51aec882496f6aee9.jpg, 0, 0, 1, 0, 0, 0, 0, 0, 0
B4i9xAXFf_a_jpg.rf.c7a3707a1b51b73c28664dd6336bf37b.jpg, 0, 0, 0, 1, 0, 0, 0, 0, 0
83058245_833062917159382_8315413435493244225_n_jpg.rf.cc017cc7bdb8322251c225e488a6c1a9.jpg, 0, 0, 0, 0, 0, 0, 1, 0, 0
B3ZWl9XI7Sc_jpg.rf.cba8ee38e42547e3db81664d6370a948.jpg, 0, 0, 0, 1, 0, 0, 0, 0, 0
B-TTwmujPrb_jpg.rf.cbf0ebcc570a02dad16092c17331c353.jpg, 0, 0, 1, 0, 0, 0, 0, 0, 0
B8o8Z1Iouiu_jpg.rf.ccb55052d32f8f2ce6e3f3057a878567.jpg, 0, 1, 0, 0, 0, 0, 0, 0, 0
B9cgPBRpDPG_jpg.rf.cfe11c2ee66ead9da9b0ea11179d62ea.jpg, 0, 0, 1, 0, 0, 0, 0, 0, 0
B8hNbXxp9UT_jpg.rf.c8d20e22716371781d07070d7c998582.jpg, 0, 0, 0, 0, 0, 1, 0, 0, 0
66014158_456671868216266_1393156576005774745_n_jpg.rf.cc8f7584eee2757e80e36d1b77f51624.jpg, 0, 0, 0, 0, 0, 0, 1, 0, 0
B8jScM-BJ9-_jpg.rf.cddff9b23063cdcc1b1a72a0331b846e.jpg, 0, 0, 0, 0, 0, 0, 0, 1, 0
B8ozVmKFd1C_jpg.rf.cd55bcb4597ed3d7b615a682946200bf.jpg, 0, 1, 0, 0, 0, 0, 0, 0, 0
B9OyOONlQZu_jpg.rf.ccf8e9510b7b40cb7ddf41e8ca0534c1.jpg, 0, 0, 1, 0, 0, 0, 0, 0, 0
B7fFiQ7h5Nl_jpg.rf.d10f1a83c7320372e1c6d2191615fee4.jpg, 0, 0, 0, 0, 0, 0, 0, 0, 1
BT43mVegJVc_jpg.rf.d006d5e4d8e6ec697b8f5697279d4029.jpg, 1, 0, 0, 0, 0, 0, 0, 0, 0
1-shutterstock_659846473_jpg.rf.d1e60fd022b5e0aff3382fe571a00ecf.jpg, 0, 0, 1, 0, 0, 0, 0, 0, 0
B8jQSQohres_jpg.rf.d1290880348854b356db27e8b98f9b2c.jpg, 0, 0, 0, 0, 0, 0, 0, 1, 0
B8cMIImpqYO_jpg.rf.d068ba4e3769dc15b4a97edf5577cc3b.jpg, 0, 0, 0, 0, 0, 1, 0, 0, 0
18-Cocaine-Addiction-in-Corporate-America-300x200_jpg.rf.cd7ee149d587b1aefbd832b1dc209a67.jpg, 0, 0, 1, 0, 0, 0, 0, 0, 0
B8f0DXhhBru_jpg.rf.d2704c08978a85c8236676139977c2f4.jpg, 0, 0, 0, 0, 0, 1, 0, 0, 0
B4ConOEHx3N_jpg.rf.d13ff158603c9ec54ec97e8e48876a25.jpg, 0, 0, 0, 1, 0, 0, 0, 0, 0
82165159_172107550684879_1927725914952619574_n_jpg.rf.cc23cfacf7f1621a07083d3df46c114a.jpg, 0, 0, 0, 0, 0, 0, 0, 0, 1
Ba1X9v7HgdM_jpg.rf.d319261b5ad2575c75c206537c429e7d.jpg, 1, 0, 0, 0, 0, 0, 0, 0, 0
B64jltgltH5_jpg.rf.d3523aa9a753aca9d028c686e6ca11fe.jpg, 0, 0, 0, 0, 0, 0, 0, 0, 1
B5lfTAmgk9b_jpg.rf.d1711f75db5c59c7a021803b638c92ae.jpg, 0, 1, 0, 0, 0, 0, 0, 0, 0
B7Cbzo_JV2O_jpg.rf.d94a17315790b12a0606a0a94a2ff5ff.jpg, 0, 0, 0, 0, 0, 0, 0, 0, 1
B8ajeJgpLSB_jpg.rf.d5b5ff1fd0fe105952b324f834dadcb6.jpg, 0, 0, 0, 0, 0, 1, 0, 0, 0
B2KA9UTneZs_jpg.rf.d71d6a0d4336305932065ccb8df3a124.jpg, 0, 0, 0, 1, 0, 0, 0, 0, 0
B8j4YSPh2an_jpg.rf.d433d5d35810539ec19fe4fec9e2cee5.jpg, 0, 1, 0, 0, 0, 0, 0, 0, 0
B9sA0E7jCsF_jpg.rf.d0d947aa50a29ff8d96ff119f0969bdc.jpg, 0, 0, 1, 0, 0, 0, 0, 0, 0
BSb-LaWgo8E_jpg.rf.d3c9b2a998de2ee72146cf5a3e5df547.jpg, 1, 0, 0, 0, 0, 0, 0, 0, 0
B-WYfcJFAx6_jpg.rf.d6fbe100d11c050794f0441ca9a43cff.jpg, 0, 0, 1, 0, 0, 0, 0, 0, 0
B8uOkwXleE4_jpg.rf.d671b2615d34d163223b51b0a63d997a.jpg, 0, 0, 1, 0, 0, 0, 0, 0, 0
B7Ui1O_H-lE_jpg.rf.d843c06b7e779021abb4cf0d56e88184.jpg, 0, 0, 0, 0, 0, 1, 0, 0, 0
B-LCRiIA6XI_jpg.rf.d4473510353a254fc57fe3e03ca0a45e.jpg, 0, 0, 1, 0, 0, 0, 0, 0, 0
B8jLzW1A9dF_jpg.rf.d7e35cc12eacf1427813fcc01b3c1078.jpg, 0, 0, 0, 0, 0, 0, 0, 1, 0
B9Bj8wRATwW_jpg.rf.d7d5e23bb12cb58e7770b9b6eaa968c2.jpg, 0, 0, 0, 0, 0, 0, 0, 0, 1
B8dljhZHvYv_jpg.rf.d9a54bf91b80c3d19d8da2f2865c225e.jpg, 0, 0, 0, 0, 0, 1, 0, 0, 0
B1WdhrnjEyC_jpg.rf.d9413f3858fc4ddaa1cde76b48b245b6.jpg, 0, 0, 0, 1, 0, 0, 0, 0, 0
B8o75kAABNN_jpg.rf.d97c8910e62e1c5b71efaeebe1bd7bdd.jpg, 0, 1, 0, 0, 0, 0, 0, 0, 0
B8oz599FGWJ_jpg.rf.d658e7023c6a361f7eac98da4d07d97a.jpg, 0, 1, 0, 0, 0, 0, 0, 0, 0
B-dA_9Kj1IC_jpg.rf.d92cfa94e58261454650fe968ea01e8f.jpg, 0, 0, 1, 0, 0, 0, 0, 0, 0
B9OgrnOgte2_jpg.rf.db8437b41c004a385f81f996665263da.jpg, 0, 0, 0, 0, 0, 0, 0, 0, 1
B-MxXvEBp8n_jpg.rf.d5316dc42fc748954b0aa91444a62b22.jpg, 0, 0, 1, 0, 0, 0, 0, 0, 0
B8jQZ1-BwED_jpg.rf.d68ce4edba15f27499cdc94cbac8c30f.jpg, 0, 0, 0, 0, 0, 0, 0, 1, 0
B8cI0JJgIO9_jpg.rf.d5c2efc163b5f65ae1594c55de473875.jpg, 0, 0, 0, 0, 0, 1, 0, 0, 0
83874321_198682887984273_254560101423018255_n_jpg.rf.da1c14061f73566fb6bee5c7dbe1b6f7.jpg, 0, 0, 0, 0, 0, 0, 1, 0, 0
B8jLMk-ncfe_jpg.rf.dc087838ac2f36f37d9f7391a76eefc3.jpg, 0, 0, 0, 0, 0, 0, 0, 1, 0
BAiLgNHKjJC_jpg.rf.dc12fcb3814ce7615125fd3db68d03de.jpg, 1, 0, 0, 0, 0, 0, 0, 0, 0
B2JDxUKAws6_jpg.rf.da7e05404b5c9b6287f732da2b05c3fd.jpg, 0, 0, 0, 1, 0, 0, 0, 0, 0
83656912_1312801992230825_2487115836922141063_n_jpg.rf.d9db10a57940fdce2b6d5fee75bee89a.jpg, 0, 0, 0, 0, 0, 0, 1, 0, 0
B8af6SeHgM7_jpg.rf.c3682c2108d494a118571962e87dae08.jpg, 0, 0, 0, 0, 0, 1, 0, 0, 0
B8n5z2UHp8f_jpg.rf.d9e87d61456696228fd4504582f37592.jpg, 0, 1, 0, 0, 0, 0, 0, 0, 0
83517844_655766368518841_8862854184223450991_n_jpg.rf.dcfa25895c0d164e27c3a0a24eee5c11.jpg, 0, 0, 0, 0, 0, 0, 1, 0, 0
B71ODQVHPcY_jpg.rf.d7eed6fe13260e7ccdfe2eacc3925b6d.jpg, 0, 0, 0, 0, 0, 0, 1, 0, 0
B8APnkHJPdU_jpg.rf.dd2522bf73d2802f90c539e62ee9d0b5.jpg, 0, 0, 0, 0, 1, 0, 0, 0, 0
BC9T9ZCIXdb_jpg.rf.dd3715d491500815d74dbba7bd60dffc.jpg, 1, 0, 0, 0, 0, 0, 0, 0, 0
B8ZDNUYlNrl_jpg.rf.df8df6b71b04fe66083e311327fc07bf.jpg, 0, 0, 0, 0, 0, 1, 0, 0, 0
B79VXnvJC3o_jpg.rf.df1a8ea68d360fdaf1bae426b212064f.jpg, 0, 0, 0, 0, 0, 0, 1, 0, 0
-xgPiDM39M_jpg.rf.e2308fbae7cd832fa7b75710889c7a38.jpg, 0, 0, 0, 0, 0, 0, 0, 0, 1
B8N9ZF8HTb4_jpg.rf.dda12fa9c67c039432011145c14923d2.jpg, 0, 0, 0, 0, 1, 0, 0, 0, 0
0Ys-vbI00i_jpg.rf.dd5e165fcaf3ce7bceb600ef8a66c16a.jpg, 0, 0, 0, 0, 0, 0, 0, 0, 1
B7PKMQ8BLRR_jpg.rf.e0ae343c8d1b21814eece35dcf03712a.jpg, 0, 0, 0, 0, 0, 0, 0, 0, 1
B2WIcGcoGyL_jpg.rf.e0eba22259afdb0909760f0824f5d637.jpg, 0, 0, 0, 1, 0, 0, 0, 0, 0
B8jTlXDHKww_jpg.rf.e5825ac119a79438f88e63b81fee1d3c.jpg, 0, 0, 0, 0, 0, 0, 0, 1, 0
B2j-YFAnC6Z_jpg.rf.e257257a2767644f5fecae9c4812a550.jpg, 0, 0, 0, 1, 0, 0, 0, 0, 0
B3Cf2K1o7f8_jpg.rf.dda1943e968f4c87fa4237b64a468150.jpg, 0, 0, 0, 1, 0, 0, 0, 0, 0
B2WY1TZjXBl_jpg.rf.e6395f069531ac05b32101aeab50f016.jpg, 0, 0, 0, 1, 0, 0, 0, 0, 0
B6a2eTMBwOn_jpg.rf.e38f55b1bd2c2a02697346207d15a8f6.jpg, 0, 0, 0, 0, 0, 0, 1, 0, 0
B8o7XJmJNJK_jpg.rf.e167d18fd012f2332643cbcad668a58e.jpg, 0, 1, 0, 0, 0, 0, 0, 0, 0
B8o9is-nVQm_jpg.rf.e6c4420a7ad96200e5e5c76c8677c3c9.jpg, 0, 1, 0, 0, 0, 0, 0, 0, 0
B2hvz8sHhiG_jpg.rf.e4d166509f74e1c73e5a9164d6eda7e5.jpg, 0, 0, 0, 1, 0, 0, 0, 0, 0
B8eVWMmn6jg_jpg.rf.e61e4d8b1003a986cc3c3eb2eee69cec.jpg, 0, 0, 0, 0, 0, 1, 0, 0, 0
B9xS2Q6F7dx_jpg.rf.e0366fc5ca280f026e5d30304a15328d.jpg, 0, 0, 1, 0, 0, 0, 0, 0, 0
B7Y3srxnq9c_jpg.rf.e5921e16ecf2411b8942f05d5a793b3a.jpg, 0, 0, 0, 0, 0, 0, 0, 0, 1
B1M2kFNgtwh_jpg.rf.e4faa8861337675aa1738e20a2f8b40c.jpg, 0, 0, 1, 0, 0, 0, 0, 0, 0
B8jQt9Kpwk2_jpg.rf.e95f58ec45d967ebff3b41bb83fd8913.jpg, 0, 0, 0, 0, 0, 0, 0, 1, 0
B8pa_USH-SR_jpg.rf.e935fcec04135744f976636b87688c25.jpg, 0, 1, 0, 0, 0, 0, 0, 0, 0
B8Y6TjSpeCJ_jpg.rf.e8ee31b6abec7646c8ed51cdd815a0db.jpg, 0, 0, 0, 0, 0, 1, 0, 0, 0
B8jwHCBlB8G_jpg.rf.e26c8e6285c2d9f82e12fadefef00921.jpg, 0, 0, 0, 0, 1, 0, 0, 0, 0
B8jQYIQHsv2_jpg.rf.e04175dc5006c8acb74ec398f8a99902.jpg, 0, 0, 0, 0, 0, 0, 0, 1, 0
B5hqvjMFWCI_jpg.rf.e0269a0f4097594dd2b2e94419b5e525.jpg, 0, 0, 0, 0, 0, 0, 0, 0, 1
B8o2565n-kt_jpg.rf.ead443abcfb226f1c4975a5642aa1862.jpg, 0, 1, 0, 0, 0, 0, 0, 0, 0
drug-dealer-handoff-money_jpg.rf.e7894ea4495dd7796f219953b2a28833.jpg, 0, 0, 1, 0, 0, 0, 0, 0, 0
84087246_2708438619239126_2639863713031255507_n_jpg.rf.ea3059e92cfe3738ffb6d0f5f2194ff2.jpg, 0, 0, 0, 0, 1, 0, 0, 0, 0
B8jR8JIhf3q_jpg.rf.ea001d0666bfc83476c3e4c4aee6d1ed.jpg, 0, 0, 0, 0, 0, 0, 0, 1, 0
BDejtxUOq72_jpg.rf.e93df926aa61ec6ca291c297fddca970.jpg, 0, 0, 0, 0, 0, 0, 0, 0, 1
82342285_189090322473824_7780404067341231320_n_jpg.rf.eabdcadda81607e07e9c6ca3c0d7a5da.jpg, 0, 0, 0, 0, 0, 0, 1, 0, 0
B71-2lSBlRm_jpg.rf.eb210c9b664e113d4d7e0f0108ae8386.jpg, 1, 0, 0, 0, 0, 0, 0, 0, 0
B8jSm9mBC6v_jpg.rf.e7c6527f852fb7a211675644a179a1dd.jpg, 0, 0, 0, 0, 0, 0, 0, 1, 0
B8gozA7hICO_jpg.rf.eb745a99ed507f9ff82632ba00e55085.jpg, 0, 0, 0, 0, 0, 1, 0, 0, 0
B8ZDcZclgOk_jpg.rf.e7a6d2eb912f0ba5e8a31173c7ab61fc.jpg, 0, 0, 0, 0, 0, 1, 0, 0, 0
B2gGiLQFvRN_jpg.rf.e0500e3e8e8cd350f6ea336bcc8f4c78.jpg, 0, 0, 0, 1, 0, 0, 0, 0, 0
B8AIiH3nNE7_jpg.rf.ec2ce4f9145f83c5b6b9ea9b833125cd.jpg, 0, 0, 0, 0, 1, 0, 0, 0, 0
B4eImCQn9lS_jpg.rf.ee3ffeca60f019dcf711e0a6372398ca.jpg, 0, 0, 0, 1, 0, 0, 0, 0, 0
BBv8LEKM0xO_jpg.rf.ecd13a79d9dd0d344dd7daf54d388244.jpg, 0, 0, 0, 0, 0, 0, 0, 0, 1
B7wMlj0h8_a_jpg.rf.ec45e9a36e4dd268feb841bc18fa4c54.jpg, 0, 0, 0, 0, 0, 0, 0, 0, 1
BoZjnGQhW_q_jpg.rf.ef6ae5a587b4429b288600264705f807.jpg, 1, 0, 0, 0, 0, 0, 0, 0, 0
BrupwdFB-6V_jpg.rf.eeba0c344967dcc9ba7c4b681950e7f3.jpg, 1, 0, 0, 0, 0, 0, 0, 0, 0
B23_SvOlFCZ_jpg.rf.f02965e6a7e45ba9ecc147e06bf2e503.jpg, 0, 0, 1, 0, 0, 0, 0, 0, 0
82958308_186541222407648_6472287028860719300_n_jpg.rf.eefa8aac4cf3d4cd36f024f0455b4a37.jpg, 0, 0, 0, 0, 1, 0, 0, 0, 0
B3c_1Fdl2Wn_jpg.rf.ed57f5daf6d2ed6a52f80bc3fa9135e9.jpg, 0, 0, 0, 1, 0, 0, 0, 0, 0
B0ODj38Bhn1_jpg.rf.ebe15273c79893a142d4a0f9b879132f.jpg, 0, 0, 0, 1, 0, 0, 0, 0, 0
B8o7X4hH6vz_jpg.rf.ee4e8e52e7430fcadff5952556ec6cb6.jpg, 0, 1, 0, 0, 0, 0, 0, 0, 0
B8jQrqrnko4_jpg.rf.f05fef36315ad2c65d8af8aa675a8915.jpg, 0, 0, 0, 0, 0, 0, 0, 1, 0
BR6XfrbgQ-C_jpg.rf.ef07f4af9c4decad9af68c0d091739fb.jpg, 1, 0, 0, 0, 0, 0, 0, 0, 0
B7hKC6cH3C5_jpg.rf.f0a8039bd09478bf1cad06cdcf34b62b.jpg, 0, 0, 0, 0, 0, 1, 0, 0, 0
B8eqIFMHUqE_jpg.rf.f17c754283e60e82332d2de7c8e021f7.jpg, 0, 0, 0, 0, 0, 1, 0, 0, 0
B8jQnIDBoK8_jpg.rf.ee1372b48d43920af44c040efd246e20.jpg, 0, 0, 0, 0, 0, 0, 0, 1, 0
B93Xqs7nx_s_jpg.rf.f0b773fe75a3820110e46eda4611f7af.jpg, 0, 0, 1, 0, 0, 0, 0, 0, 0
B7l3j1vnhTi_jpg.rf.f36ae40d7d83d70ba239353e6e603752.jpg, 0, 0, 0, 0, 0, 0, 1, 0, 0
B8mMQV1He-P_jpg.rf.f4448f2881f68bf461ec93e2c0e4ef18.jpg, 0, 0, 0, 0, 1, 0, 0, 0, 0
B74NGuOh28J_jpg.rf.f394fea219fffe6951a4d58260179553.jpg, 0, 0, 0, 0, 0, 0, 0, 0, 1
Bst8Cl1hlLc_jpg.rf.f47ae6bb3953ed348c08d0704512032e.jpg, 1, 0, 0, 0, 0, 0, 0, 0, 0
B7VOJ0ZHiPl_jpg.rf.f126056dc18767eb261328ea6752ac10.jpg, 0, 0, 0, 0, 0, 0, 0, 0, 1
82782764_2437830813147641_4849330367028214865_n_jpg.rf.f46d25292d7c2aca252c1457186a692d.jpg, 0, 0, 0, 0, 0, 0, 1, 0, 0
B0k8_unAtuQ_jpg.rf.f2cbe6967700eb66627cec76e101a342.jpg, 0, 0, 0, 1, 0, 0, 0, 0, 0
B8o7HkWHdca_jpg.rf.f4d365e9dfbb3e7b142baa6a4aeaa9a5.jpg, 0, 1, 0, 0, 0, 0, 0, 0, 0
B8o7jRfHBLo_jpg.rf.f250eafb03f347f19b950d43cf8ecfb8.jpg, 0, 1, 0, 0, 0, 0, 0, 0, 0
B8pAdV2CDA8_jpg.rf.f4f348dc3da6b72daccb5fc7af3dfd41.jpg, 0, 1, 0, 0, 0, 0, 0, 0, 0
B8jS583hXhs_jpg.rf.f490c9a9715a4b7c225631a7b0fa0731.jpg, 0, 0, 0, 0, 0, 0, 0, 1, 0
B3-Mp1-AgTU_jpg.rf.f00bacf06076a25b72fc6040065ae3dd.jpg, 0, 0, 0, 1, 0, 0, 0, 0, 0
BrtNJ2hnuMx_jpg.rf.f04589a31b8b87c2c9296f11c0f00079.jpg, 1, 0, 0, 0, 0, 0, 0, 0, 0
65013752_162491644795367_455431902561085828_n_jpg.rf.f5d09ad3d588f550a86edd32c6a4b899.jpg, 0, 0, 0, 0, 0, 0, 1, 0, 0
BRdzvjchA_4_jpg.rf.f3d099db6c5427beefb240e6fb6aee82.jpg, 1, 0, 0, 0, 0, 0, 0, 0, 0
B8hUsr7IOMn_jpg.rf.f3b1f237bb57a16975f56366327dbca9.jpg, 0, 0, 0, 0, 0, 1, 0, 0, 0
B8pB6KJHL6w_jpg.rf.f2b92616a5f625813e78f355da88f1ad.jpg, 0, 1, 0, 0, 0, 0, 0, 0, 0
B8jRzRGhOik_jpg.rf.f5ff3ab04f85e2436ac6471924de8bd7.jpg, 0, 0, 0, 0, 0, 0, 0, 1, 0
B9w8pGOAUhy_jpg.rf.f5d73b6586e950a37cda17d9972ce6fa.jpg, 0, 0, 1, 0, 0, 0, 0, 0, 0
B8pB0d_HQ9y_jpg.rf.f682be17535bc85a4c8fe3143a4395ad.jpg, 0, 1, 0, 0, 0, 0, 0, 0, 0
BpC-NJbBLtK_jpg.rf.f6b7c7860847524c402245d697141b2a.jpg, 1, 0, 0, 0, 0, 0, 0, 0, 0
B8fUR39nwP3_jpg.rf.f7e7142f3d09a89d2fb67a1677792a88.jpg, 0, 0, 0, 0, 0, 1, 0, 0, 0
B8oyVMEH0GW_jpg.rf.f859bff424ccb4b70106070c38c9f5c7.jpg, 0, 1, 0, 0, 0, 0, 0, 0, 0
BRs_Hxvlsii_jpg.rf.f7856774e22fd60af7306f0159047c74.jpg, 1, 0, 0, 0, 0, 0, 0, 0, 0
B8hC2RUng_W_jpg.rf.fb6e5c99a39203e2c86e47fffc36b6b3.jpg, 0, 0, 0, 0, 0, 1, 0, 0, 0
B8wNuShBD_2_jpg.rf.faf3fe9e72abd52e03f901fd26457d8c.jpg, 0, 0, 1, 0, 0, 0, 0, 0, 0
B8o29uUF-pm_jpg.rf.f93c37d2c192154e9f224b16ea33c02e.jpg, 0, 1, 0, 0, 0, 0, 0, 0, 0
B-EogGiJh2u_jpg.rf.fbe35d1728b989846d6a74bef3cfac6b.jpg, 0, 0, 1, 0, 0, 0, 0, 0, 0
B3HkESyof0R_jpg.rf.fa388179245d24b01688dac146e4bb5f.jpg, 0, 0, 0, 1, 0, 0, 0, 0, 0
B9KKJeWJuLw_jpg.rf.f5d7d3010a913c3bb0e5bf3ffb2c30d6.jpg, 0, 0, 0, 0, 0, 0, 0, 0, 1
B4Kd3KIlGRG_jpg.rf.f6ec831a5a6bb28df9cfbf255583016d.jpg, 0, 0, 0, 1, 0, 0, 0, 0, 0
B2jJXEKpmqs_jpg.rf.f7f253024d12705cc509ad3aa73d5a79.jpg, 0, 0, 0, 1, 0, 0, 0, 0, 0
B2C6dAKnSbp_jpg.rf.fc3d755d9e7894c9a794e04ffd7f46d3.jpg, 0, 0, 0, 1, 0, 0, 0, 0, 0
B8hcfM5Jx5q_jpg.rf.fae8e25dc76d0d260099a4ca70d3e5db.jpg, 0, 0, 0, 0, 0, 1, 0, 0, 0
B8TBPu2hkOS_jpg.rf.f63eb29cd6fb4f0fd1d0eb4c9e392c06.jpg, 0, 0, 0, 0, 0, 0, 0, 0, 1
B8ZDXfalmnf_jpg.rf.fdd5b41b4ab75fa368e60e7ee368cb30.jpg, 0, 0, 0, 0, 0, 1, 0, 0, 0
65304712_2265684190167488_6586839236161306624_n_jpg.rf.fbd39efc97c1efe85b8557be2a47c2e5.jpg, 0, 0, 0, 0, 0, 0, 1, 0, 0
BALyAeiNcCP_jpg.rf.fa01915dfa89badf6ac72c41bcf1d018.jpg, 1, 0, 0, 0, 0, 0, 0, 0, 0
B8oyixcI1PA_jpg.rf.f7b8c477fce9ce69a36d3ea47ea4cca8.jpg, 0, 1, 0, 0, 0, 0, 0, 0, 0
B8pb0nZnhu-_jpg.rf.fcbc5995b212f65d5c3f3bf298a8c62c.jpg, 0, 1, 0, 0, 0, 0, 0, 0, 0
B8nsavYBoyi_jpg.rf.fbf94285542a85dd8648c4834cadd989.jpg, 0, 0, 0, 0, 1, 0, 0, 0, 0
B8ez-ghl5Wh_jpg.rf.f7a72d1d8f552a0a53da53e27dc3ecf5.jpg, 0, 0, 0, 0, 0, 1, 0, 0, 0
B8h4iJVgDKt_jpg.rf.fed57f24ba4607e4f12e4593901bd276.jpg, 0, 0, 0, 0, 1, 0, 0, 0, 0
B8QCzRZjc7n_jpg.rf.fabef2a28a15c0b8fcad484ccc1947e5.jpg, 0, 0, 0, 0, 1, 0, 0, 0, 0
B8o9wvAHB6h_jpg.rf.f5e7f80f3beacbb53557849ba4cd6296.jpg, 0, 1, 0, 0, 0, 0, 0, 0, 0
B9gsP4tn_y1_jpg.rf.fdaaf61248aa3b8908ac6b0dac22af0d.jpg, 0, 0, 1, 0, 0, 0, 0, 0, 0
-XjmptLZkl_jpg.rf.ffaf43d52aaba3f7e60e1c45984ebddb.jpg, 1, 0, 0, 0, 0, 0, 0, 0, 0
B8jQZboH0mM_jpg.rf.fde7fd17aa60a9e116e0acca355ee898.jpg, 0, 0, 0, 0, 0, 0, 0, 1, 0
BT2LtRRARdy_jpg.rf.31b7c9fee569ff709f4721ac3193beef.jpg, 0, 0, 0, 0, 0, 0, 0, 1, 0
B8mVq4RBKzv_jpg.rf.3523abd5afc596d1d249e937dc99e401.jpg, 0, 0, 0, 0, 1, 0, 0, 0, 0
B3MIOJ7JCNj_jpg.rf.307396305c179fa3627df3f08c4676de.jpg, 0, 0, 0, 1, 0, 0, 0, 0, 0
B0l4ZfnIva9_jpg.rf.37de5f921358a8a737f6a8e2b350f449.jpg, 0, 0, 0, 1, 0, 0, 0, 0, 0
BgIuOzVBhh__jpg.rf.36886d6085007669fd35fd34e0e1ef1a.jpg, 0, 0, 0, 0, 0, 0, 0, 0, 1
B77XMo_JXHZ_jpg.rf.344425c7bb581b7a37da94a07e5e47b5.jpg, 0, 0, 0, 0, 0, 0, 0, 0, 1
B7ogfUTAf8M_jpg.rf.32a4ba6900b4a8c4a237d25b702ae0ca.jpg, 0, 0, 0, 0, 0, 0, 1, 0, 0
B8ZDP90ltlR_jpg.rf.362661bdc04bbf8ee9ee634935a388c2.jpg, 0, 0, 0, 0, 0, 1, 0, 0, 0
BQipcfMDWpa_jpg.rf.3430f0f1428ab86d7b1bb3325f1084d2.jpg, 1, 0, 0, 0, 0, 0, 0, 0, 0
B9c_eyZBvEz_jpg.rf.374871aa88ede542840f44142df26879.jpg, 0, 0, 1, 0, 0, 0, 0, 0, 0
B8o324FHEVQ_jpg.rf.33b6542b3fa6a25be32bf2e01da35051.jpg, 0, 1, 0, 0, 0, 0, 0, 0, 0
B8ozkjEI3lg_jpg.rf.3406f4d3904b385b5333d0dab87afb6f.jpg, 0, 1, 0, 0, 0, 0, 0, 0, 0
B0d_4uiFdjR_jpg.rf.314de1868e012249eca944737ef50e27.jpg, 0, 0, 0, 1, 0, 0, 0, 0, 0
B8L0KMNgNQm_jpg.rf.302c787ce3b8171f31786ca5fbfd05c4.jpg, 0, 1, 0, 0, 0, 0, 0, 0, 0
B8JSE1Rjk9J_jpg.rf.3060ab5be11214db851d2ebc47298bc3.jpg, 0, 0, 0, 0, 1, 0, 0, 0, 0
B1jXAbDl10b_jpg.rf.3169cf93381305f7802611bc9bb0bf54.jpg, 0, 0, 1, 0, 0, 0, 0, 0, 0
B9H_YYnAX2u_jpg.rf.31e507e410a2dc6759fa936b6fade735.jpg, 0, 0, 1, 0, 0, 0, 0, 0, 0
B2lQvzHIBbg_jpg.rf.31ea524324d10961eb414be0803918c5.jpg, 0, 0, 0, 1, 0, 0, 0, 0, 0
B8HctFpnTTl_jpg.rf.3498647aab632e20ca7029c6d807f677.jpg, 0, 0, 0, 0, 1, 0, 0, 0, 0
B96mSqlhXtn_jpg.rf.3781447b7efbb46108df5a6cbea6aa01.jpg, 0, 0, 1, 0, 0, 0, 0, 0, 0
82735882_2890284394326777_1076243924013316611_n_jpg.rf.303cf35bf68d8f32e3737532a22b9695.jpg, 0, 0, 0, 0, 1, 0, 0, 0, 0
B8o95mHnJ89_jpg.rf.346552c6e9bd985729a4a7cfe89dccfd.jpg, 0, 1, 0, 0, 0, 0, 0, 0, 0
B8a1PVTgze-_jpg.rf.35738eea8b7837cf7ed343355bad9153.jpg, 0, 0, 0, 0, 0, 1, 0, 0, 0
B8LjkQ7nboU_jpg.rf.3093178a14e152971e3bc4e21b928570.jpg, 0, 0, 0, 0, 1, 0, 0, 0, 0
B3fWBlig_-z_jpg.rf.338181a1525262431fdd3444a8da136a.jpg, 0, 0, 0, 1, 0, 0, 0, 0, 0
B8D9FhEnjL__jpg.rf.382ad2dafc99ed7c5fd46e7318593b9f.jpg, 0, 0, 0, 0, 1, 0, 0, 0, 0
B1x3GqypLrU_jpg.rf.3b571d0e1972c95eb1995a6f2241093c.jpg, 0, 0, 0, 1, 0, 0, 0, 0, 0
B3HpGlcFcbI_jpg.rf.39cc41825225ee74d76bae033e88d576.jpg, 0, 0, 0, 1, 0, 0, 0, 0, 0
B8ozml8BCQB_jpg.rf.3967566d00e5477feee18a72615d7480.jpg, 0, 1, 0, 0, 0, 0, 0, 0, 0
B8cL99gp28U_jpg.rf.3b142a0a29c66f90767a20517f751b56.jpg, 0, 0, 0, 0, 0, 1, 0, 0, 0
B7XoeWngUhm_jpg.rf.3ccf2235e76088b09d034aa19bf012db.jpg, 0, 0, 0, 0, 0, 1, 0, 0, 0
B8jSYmkKMfS_jpg.rf.3c8e99036f35fd4f1704604b7d3b5683.jpg, 0, 0, 0, 0, 0, 0, 0, 1, 0
B8oy6IPnV5Y_jpg.rf.400e48ae9144afea83deac3e050b9fd2.jpg, 0, 1, 0, 0, 0, 0, 0, 0, 0
B6zaDBGF-Rk_jpg.rf.3e3fab66ad11261600fdc161af7a1b4d.jpg, 0, 0, 0, 0, 0, 0, 0, 0, 1
B8QC-qljI6n_jpg.rf.3f0d083b115d2b7141d6f5b3c977d123.jpg, 0, 0, 0, 0, 1, 0, 0, 0, 0
B7bgVX0hjlR_jpg.rf.388c93ca6e53095e5c6168fdcbae77e6.jpg, 0, 0, 0, 0, 0, 0, 1, 0, 0
B8OxPYzHCTA_jpg.rf.41c7829236e2e2dc32005664d179d3f5.jpg, 0, 0, 0, 0, 1, 0, 0, 0, 0
BbdsH5-BIiK_jpg.rf.41a3b3dfffb1d774f3d915e1c8db7ec6.jpg, 0, 0, 0, 0, 0, 0, 0, 0, 1
BT7aWqAg4_s_jpg.rf.3f1907381a1cd438df0758d437b141b1.jpg, 1, 0, 0, 0, 0, 0, 0, 0, 0
6aw-jNIrvZ_jpg.rf.397f388b8ba8ff257bb01b85dc32418c.jpg, 1, 0, 0, 0, 0, 0, 0, 0, 0
2-TRVPB-Cocaine-Banner_jpeg.rf.38ac03405acc1ac5db36ec90bf1569e4.jpg, 0, 0, 1, 0, 0, 0, 0, 0, 0
83611947_134032374431566_6865789350856552309_n_jpg.rf.3ac9ff860e5d96891bbcd97d92cde019.jpg, 0, 0, 0, 0, 1, 0, 0, 0, 0
B8hCnhSJkti_jpg.rf.3d631959bea077373b74f56fae65a1d7.jpg, 0, 0, 0, 0, 0, 1, 0, 0, 0
B2h8Ia-lrZm_jpg.rf.41edf446ef7f34e33964e2397edc66d6.jpg, 0, 0, 0, 1, 0, 0, 0, 0, 0
B8jQkZclwCI_jpg.rf.3a12418d777413c9649637557172ea68.jpg, 0, 0, 0, 0, 1, 0, 0, 0, 0
B2vs79ZDTFR_jpg.rf.42f9efb30ce7dbfb09861d4f28a29b25.jpg, 0, 0, 0, 1, 0, 0, 0, 0, 0
B8aHE4MhJKL_jpg.rf.4268ee3ce3407ef72d4a581b78e3ca0a.jpg, 0, 0, 0, 0, 0, 1, 0, 0, 0
B-ShhszH578_jpg.rf.3d5da1531e4ad40b74fcd9057367f5a9.jpg, 0, 0, 1, 0, 0, 0, 0, 0, 0
B500t9OBMuI_jpg.rf.3f49658e1cd8c8152e358608102752ed.jpg, 1, 0, 0, 0, 0, 0, 0, 0, 0
B9PQEXOHYmA_jpg.rf.3fb2152cc04d8409830858193c20e048.jpg, 0, 0, 0, 0, 0, 0, 0, 0, 1
B8hY4UzgGe5_jpg.rf.4325473e20e4dd25edd5fe32d44c2451.jpg, 0, 0, 0, 0, 0, 1, 0, 0, 0
B2S6B20gn2b_jpg.rf.42afba9255c90298d5a59a47bfa03ed5.jpg, 0, 0, 0, 1, 0, 0, 0, 0, 0
B3FfgD9FCYV_jpg.rf.4397e011cecfe7ea38f8e59b56377c34.jpg, 0, 0, 0, 1, 0, 0, 0, 0, 0
B8IAQXFnuHy_jpg.rf.45022d35014eb513aca0cad35a3d36ec.jpg, 0, 0, 0, 0, 1, 0, 0, 0, 0
B5N9rRnlTKv_jpg.rf.44310b03ab09eaf50b7f031e76c63f5d.jpg, 0, 0, 1, 0, 0, 0, 0, 0, 0
B8PMkDShFp4_jpg.rf.46a3bc3ff609e3f236d157888c53855d.jpg, 0, 0, 0, 0, 1, 0, 0, 0, 0
B8jR3dlBzwF_jpg.rf.40e76e0b39da1f0938e1638b29c8646d.jpg, 0, 0, 0, 0, 0, 0, 0, 1, 0
83558555_177897153460250_7789242372020898946_n_jpg.rf.49b62c7eaf9c6c2c839a3fe4894e45ea.jpg, 0, 0, 0, 0, 0, 0, 1, 0, 0
B8ozBkUnByl_jpg.rf.47dfef94362676405edf202b13b8ac6b.jpg, 0, 1, 0, 0, 0, 0, 0, 0, 0
BeQRjX2hV5d_jpg.rf.44bc4bdc075470b94f8d2f7473426f9b.jpg, 0, 0, 0, 0, 0, 0, 0, 0, 1
B4IxADfI5L9_jpg.rf.46e1876efcf4eedf26d55e80d676cd6f.jpg, 0, 0, 0, 1, 0, 0, 0, 0, 0
B4KCr5fgvyu_jpg.rf.4dc4c10adfbc4276c0366fcf100e6928.jpg, 0, 0, 1, 0, 0, 0, 0, 0, 0
B8e_byGjrUH_jpg.rf.454f0e53169036670633da5703793657.jpg, 0, 0, 0, 0, 0, 1, 0, 0, 0
B8jSmpmBhDf_jpg.rf.476b2ea86647aaf94fc510908637ad49.jpg, 0, 0, 0, 0, 0, 0, 0, 1, 0
B9z-aVFhxn7_jpg.rf.4dce5ecdf96542e81644438fa5acede7.jpg, 0, 0, 1, 0, 0, 0, 0, 0, 0
BqWdTs_hhT7_jpg.rf.4e0c7d70e151e18a57373095836d4035.jpg, 0, 0, 1, 0, 0, 0, 0, 0, 0
B8jRVkxBy16_jpg.rf.4b196f868a70520754bacb4918c10897.jpg, 0, 0, 0, 0, 0, 0, 0, 1, 0
84080201_470248007239157_3627959053749798031_n_jpg.rf.4b1eac83d6a2921a6dfe39baf156f788.jpg, 0, 0, 0, 0, 0, 0, 1, 0, 0
B8jPwHCgcDM_jpg.rf.4c5af6963ccc524ad6c5a58c2fca264e.jpg, 0, 0, 0, 0, 0, 0, 0, 1, 0
B8jQ7buBnRW_jpg.rf.487860a8c5c03f18a0c1b20f858e29e6.jpg, 0, 0, 0, 0, 0, 0, 0, 1, 0
B6QSnekgA5l_jpg.rf.479d737f1de965d041cc514601086a5a.jpg, 0, 0, 0, 0, 0, 0, 1, 0, 0
BeC7muDghz7_jpg.rf.487af624a2219ad81e6ba95ff77ea564.jpg, 0, 0, 0, 0, 0, 0, 0, 0, 1
B9nEjLmDeE9_jpg.rf.481dd60eeb0396a73541cb1a7cf63451.jpg, 0, 0, 1, 0, 0, 0, 0, 0, 0
B8jPWlKA5w6_jpg.rf.4f0ab0b8c1502e2af7a8d7af7d5ab985.jpg, 0, 0, 0, 0, 0, 0, 0, 1, 0
B-FlJHIl0WI_jpg.rf.4c0a690577e1d664ff93e2733084d735.jpg, 0, 0, 1, 0, 0, 0, 0, 0, 0
B8pAIdsnbaV_jpg.rf.4ea8eff021a902fc2a76fbd5fd0b8b6f.jpg, 0, 1, 0, 0, 0, 0, 0, 0, 0
B1qMpzFFwaO_jpg.rf.4f0e024bdbe5587d4b20fda91b845338.jpg, 0, 0, 0, 1, 0, 0, 0, 0, 0
__6oK0GOpc_jpg.rf.509a69aa45d7a21488186a9eadc057c1.jpg, 0, 0, 0, 0, 0, 0, 0, 0, 1
BRwdtbVA_J0_jpg.rf.4fb23d18c98c194ffcdf5a04f370b59c.jpg, 1, 0, 0, 0, 0, 0, 0, 0, 0
B7rQeNVh6wl_jpg.rf.50ab0f2a331b4088303c387fd6095724.jpg, 0, 0, 0, 0, 0, 0, 1, 0, 0
B8hqFTCpfjb_jpg.rf.50695d51062b49ea443f49fb082833db.jpg, 0, 0, 0, 0, 0, 1, 0, 0, 0
B8jQMDHhVHr_jpg.rf.4f1b966ddd258ef4129533a1927d8189.jpg, 0, 0, 0, 0, 0, 0, 0, 1, 0
82628616_2444002329155787_393571355077493670_n_jpg.rf.4f068b656de35fa5558b3852e1c0ae30.jpg, 0, 0, 0, 0, 0, 0, 1, 0, 0
B8jRvU-h2up_jpg.rf.4f6b941d58bee1f780b1f24973865ad0.jpg, 0, 0, 0, 0, 0, 0, 0, 1, 0
65735433_328517704704373_6657875411362802445_n_jpg.rf.50d5a64298d6fc935699113dd1474357.jpg, 0, 0, 0, 0, 0, 0, 1, 0, 0
B8U8k-IJeMx_jpg.rf.50f3c9cddef2dbe4f211025f08f7572e.jpg, 0, 0, 0, 0, 1, 0, 0, 0, 0
B8Y5jRSF9Lr_jpg.rf.515869a306fdf00e0f2bbc80f4eadc84.jpg, 0, 0, 0, 0, 0, 1, 0, 0, 0
BRR4JbvBISj_jpg.rf.50965fead7a7f6858abdff041a201cf1.jpg, 1, 0, 0, 0, 0, 0, 0, 0, 0
B3NX7tQF9AC_jpg.rf.4f5cc8685472d037cc1e3870efe0765a.jpg, 0, 0, 0, 1, 0, 0, 0, 0, 0
83712941_179399076748115_8862504375230250163_n_jpg.rf.4b21afc686e7156bd89c332d1dc79309.jpg, 0, 0, 0, 0, 0, 0, 1, 0, 0
B8hfSBwBd91_jpg.rf.5177be983b2aa716601924547ead10d3.jpg, 0, 0, 0, 0, 1, 0, 0, 0, 0
B8jRYOeh3NS_jpg.rf.5365fac4efb940399c9a0f789ee3c9ce.jpg, 0, 0, 0, 0, 0, 0, 0, 1, 0
B2984CWJjD__jpg.rf.50643aac27afc548eed9f40e968da6c4.jpg, 0, 0, 0, 0, 0, 0, 0, 0, 1
B8h-gMCpv1R_jpg.rf.50b263810553ad6aaf94191aa137c76b.jpg, 0, 0, 0, 0, 0, 1, 0, 0, 0
B8dPeGrgdp0_jpg.rf.54e9b2dffe8144cb7b86dd9f4c8dc4de.jpg, 0, 0, 0, 0, 0, 1, 0, 0, 0
2BWoSeIHxE_jpg.rf.54a92fb4b0ff17641386f3ea36d55d3b.jpg, 1, 0, 0, 0, 0, 0, 0, 0, 0
B2cubKpgeUZ_jpg.rf.56001f20402fe6cbcab4c31d8dee9827.jpg, 0, 0, 0, 1, 0, 0, 0, 0, 0
B3og0siJpq4_jpg.rf.5577a7d7db794b87375a86e5dfcfc1d0.jpg, 0, 0, 0, 1, 0, 0, 0, 0, 0
BSglwPdAB1D_jpg.rf.54c3c9779fd0b2423574c8551efeb181.jpg, 1, 0, 0, 0, 0, 0, 0, 0, 0
B73-EdWhOdf_jpg.rf.53e61c2861c9f1471eff8b6f158b0f2c.jpg, 0, 0, 0, 0, 0, 0, 1, 0, 0
BSMtgSIgOWk_jpg.rf.557ba6b48465fe508da917ee8bc939bf.jpg, 1, 0, 0, 0, 0, 0, 0, 0, 0
B82zvzgBACI_jpg.rf.54f0fdd9a37f1bf9c4da373f27d1975a.jpg, 0, 0, 0, 0, 0, 0, 0, 0, 1
B993hogp_If_jpg.rf.56c6d62be6655f13984c3048b2dfd4dd.jpg, 0, 0, 1, 0, 0, 0, 0, 0, 0
71097095_501716967087753_1558441666707205111_n_jpg.rf.584078e940b46b30bba714ea87fb89f8.jpg, 0, 0, 0, 0, 0, 0, 0, 0, 1
-2LuiXIXdA_jpg.rf.58c71999481dde41fc2e97fb94e12ece.jpg, 1, 0, 0, 0, 0, 0, 0, 0, 0
B8oUkVYHdeT_jpg.rf.52662fbee171e0268d1de42c6bb8a7b2.jpg, 0, 1, 0, 0, 0, 0, 0, 0, 0
B6TmMnrpY3Q_jpg.rf.576a6f877a3826d672d4561e07a78de6.jpg, 0, 0, 0, 0, 0, 0, 0, 0, 1
BD7SKXOx7L4_jpg.rf.587b46224dd9dffcfd571579884d3485.jpg, 1, 0, 0, 0, 0, 0, 0, 0, 0
B0y_NmNHall_jpg.rf.54afee3661a8a90795f576a84d53031b.jpg, 0, 0, 1, 0, 0, 0, 0, 0, 0
12-Addictioncampuses-com-5-Signs-Your-Loved-One-Is-Using-Cocaine_jpg.rf.5520de0a94f4d84733e485a8604c8c3a.jpg, 0, 0, 1, 0, 0, 0, 0, 0, 0
B8jaysdBYoU_jpg.rf.569f207b2fdf72afd2232d310295b4a7.jpg, 0, 0, 0, 0, 1, 0, 0, 0, 0
B8jK3YAhC4G_jpg.rf.56a27ee011709eba5240141b2dc6ab30.jpg, 0, 0, 0, 0, 0, 0, 0, 1, 0
B8HB0BpDzn9_jpg.rf.596544e8791e3d458cbeb85cab80cd2a.jpg, 0, 0, 0, 0, 1, 0, 0, 0, 0
B8paOgbHmV6_jpg.rf.55b000fc97c66831cd507a0421dbd9a3.jpg, 0, 1, 0, 0, 0, 0, 0, 0, 0
B8pb6bpnpUe_jpg.rf.57a942695de2aba77e09615ae0e5ab4e.jpg, 0, 1, 0, 0, 0, 0, 0, 0, 0
B1tYeqNgLvB_jpg.rf.5922a7d4288cfd3db464e3f9d5f1e05d.jpg, 0, 0, 0, 1, 0, 0, 0, 0, 0
82285609_160467248585965_3220501855909969920_n_jpg.rf.59934b0999ed1ff1874d72680b1124fb.jpg, 0, 0, 0, 0, 0, 0, 1, 0, 0
B79Hx22An2i_jpg.rf.510e81e265ddc92381cb6584fafd76a5.jpg, 0, 0, 0, 0, 0, 0, 1, 0, 0
B8cAWsHn18T_jpg.rf.58f205a28a864631413fdcdb7ed355ca.jpg, 0, 0, 0, 0, 0, 1, 0, 0, 0
B8o8n8tHCBx_jpg.rf.5a424dd1ffcaea2ac50b5bbd311863e6.jpg, 0, 1, 0, 0, 0, 0, 0, 0, 0
B8ZFFVAgw3g_jpg.rf.5770bd197726eb13212dc4fd3fd4513a.jpg, 0, 0, 0, 0, 0, 1, 0, 0, 0
B8jRAETg7l0_jpg.rf.5baf25a20a724672da55789a8723eb8f.jpg, 0, 0, 0, 0, 0, 0, 0, 1, 0
B8kWwiMHCMb_jpg.rf.5db3cae68cbb10dfc9c35afc3b624273.jpg, 0, 1, 0, 0, 0, 0, 0, 0, 0
B8jT1GCH9xR_jpg.rf.59c33474ed12a91320f1e6e27e449fa5.jpg, 0, 0, 0, 0, 0, 0, 0, 1, 0
B8JGAyTjRDK_jpg.rf.5cf6d50a0975375427f7791b5dc19b01.jpg, 0, 0, 0, 0, 1, 0, 0, 0, 0
B8jQLmHBON2_jpg.rf.617bf07f40e8e731719779f1ddb7cced.jpg, 0, 0, 0, 0, 0, 0, 0, 1, 0
B8aGngZBGG7_jpg.rf.5a84d1a539c20d41fdafe79c8a5e6c82.jpg, 0, 0, 0, 0, 0, 1, 0, 0, 0
B8hdITGDzxX_jpg.rf.60b56904103cf649cef7cf58b8e1b8bc.jpg, 0, 0, 0, 0, 0, 1, 0, 0, 0
B8deYYoluQx_jpg.rf.6065bf8e116a1274a405239527a87791.jpg, 0, 0, 0, 0, 0, 1, 0, 0, 0
B3uiIfIFNwV_jpg.rf.5bdf4c2cc71aa88cdf2f725950886090.jpg, 0, 0, 0, 1, 0, 0, 0, 0, 0
B8jLlPrBJzU_jpg.rf.5ebea002d83779530a94d30fd2b91c14.jpg, 0, 0, 0, 0, 0, 0, 0, 1, 0
BBj785qK9D4_jpg.rf.5a086e044b864f83b8ce37293cb0a2ef.jpg, 0, 0, 0, 0, 0, 0, 0, 0, 1
BBwXlluK9Ag_jpg.rf.606692df46e8a0c5b72c85aa9c426e05.jpg, 0, 0, 0, 0, 0, 0, 0, 0, 1
BLsgbvpDODb_jpg.rf.6259c07bca69a9d5aa4f88e32570d88a.jpg, 1, 0, 0, 0, 0, 0, 0, 0, 0
83097952_2280144232284443_991959205431966463_n_jpg.rf.626b83a5fa67701268412436fa49d686.jpg, 0, 0, 0, 0, 0, 0, 1, 0, 0
82977966_197158244674948_3977725308865392780_n_jpg.rf.5fe05662906c83f0d825f1fdd29ad33e.jpg, 0, 0, 0, 0, 1, 0, 0, 0, 0
B3iD_mLoI_v_jpg.rf.634a665731cc3f4186a60e14f0e44514.jpg, 0, 0, 0, 1, 0, 0, 0, 0, 0
B8jT-LQKTOT_jpg.rf.5b60a346268657af380474211096da1a.jpg, 0, 0, 0, 0, 0, 0, 0, 1, 0
B8_HPg6JCds_jpg.rf.5ce69d276496f65b4bf5e9f68330c349.jpg, 0, 0, 1, 0, 0, 0, 0, 0, 0
B8jQlbxJ4vl_jpg.rf.62fa186268923c6ed59f015f11cc6d70.jpg, 0, 0, 0, 0, 0, 0, 0, 1, 0
B2rW32gFDtS_jpg.rf.5a4f81c73a3fbb02032d963d212323bd.jpg, 0, 0, 0, 1, 0, 0, 0, 0, 0
drug-trafficking-conspiracies-scaled_jpeg.rf.6393bb968877e6147b6706e8a362ec1f.jpg, 0, 0, 0, 0, 0, 0, 1, 0, 0
B8h0gINJG3B_jpg.rf.61259839f8fe6be280a994f4402ddf18.jpg, 0, 0, 0, 0, 0, 1, 0, 0, 0
B8jSOqnAddb_jpg.rf.5bc10cfaf777d05d969d46739b16bb84.jpg, 0, 0, 0, 0, 0, 0, 0, 1, 0
_-K446vNhP_jpg.rf.642c09e930a07d95446e8f21e246fcbb.jpg, 0, 0, 0, 0, 0, 0, 0, 0, 1
83685537_105598280927493_1580211813092765014_n_jpg.rf.657721ba12088e92962d4a5404688be1.jpg, 0, 0, 0, 0, 1, 0, 0, 0, 0
B8jRjMBpDiM_jpg.rf.62629b6acf4f8b4f173237537cb76e11.jpg, 0, 0, 0, 0, 0, 0, 0, 1, 0
B8pbBW_hmGt_jpg.rf.5c5330109b3edb74d96fac216f0aa292.jpg, 0, 1, 0, 0, 0, 0, 0, 0, 0
B8aeaDsn3ln_jpg.rf.65b121d1b0d23491b1b3d16b9160c2e1.jpg, 0, 0, 0, 0, 0, 1, 0, 0, 0
B8fh8B_hrox_jpg.rf.6000d075ca43710823a9e7f7502f8e39.jpg, 0, 0, 0, 0, 1, 0, 0, 0, 0
B8Shuj7pL5M_jpg.rf.650c0f3688ccb2e541aa9744b15fd29b.jpg, 0, 0, 0, 0, 1, 0, 0, 0, 0
B66izcVl7QQ_jpg.rf.61f91d34cee626c6d4447ac604813b18.jpg, 0, 0, 0, 0, 0, 0, 1, 0, 0
BQqnXT0BTV2_jpg.rf.64230d917358fc81ebd96583291a0a10.jpg, 1, 0, 0, 0, 0, 0, 0, 0, 0
B8jS93-BvKr_jpg.rf.64a3a623031bb99a36e47b46d88174f3.jpg, 0, 0, 0, 0, 0, 0, 0, 1, 0
B8jSODVlf4i_jpg.rf.65dc1db8d5178ea200b2931904c84964.jpg, 0, 0, 0, 0, 0, 0, 0, 1, 0
B8jQDu-no3F_jpg.rf.636364a82f0071c3ccec074da048f421.jpg, 0, 0, 0, 0, 0, 0, 0, 1, 0
B8jQ1nJpAyC_jpg.rf.664005130194621248ab49463ad06a34.jpg, 0, 0, 0, 0, 0, 0, 0, 1, 0
B3TWmsBHiKL_jpg.rf.62f2348b16cc8c6b9f6fc21ca703d936.jpg, 0, 0, 0, 1, 0, 0, 0, 0, 0
BSOiNtTgrrw_jpg.rf.6721ca3f542f141f843e852db177f4cc.jpg, 1, 0, 0, 0, 0, 0, 0, 0, 0
B0q4bf7hDO0_jpg.rf.665472368bc13f451d6332b20c890961.jpg, 0, 0, 1, 0, 0, 0, 0, 0, 0
B9xPiv7FMef_jpg.rf.688ac44483ff66671bef3bdfdc4a3683.jpg, 0, 0, 1, 0, 0, 0, 0, 0, 0
B8fTUwxnlyM_jpg.rf.6b7cd96983614d82687b9b922c77577a.jpg, 0, 0, 0, 0, 0, 1, 0, 0, 0
bINENEpgsN_jpg.rf.68e8720db35ac0b4bfb416d4d7343a86.jpg, 0, 0, 0, 0, 0, 0, 0, 0, 1
82346885_498447940875536_1889199871592129489_n_jpg.rf.6641e71501cd8b4bff700c5ac6221094.jpg, 0, 0, 0, 0, 0, 0, 1, 0, 0
B94DRIwFHuH_jpg.rf.678db1dcdce95e38036133364ac6cde1.jpg, 0, 0, 1, 0, 0, 0, 1, 0, 0
B8n7dhoAR2Z_jpg.rf.670b2d3c7e52c50297214f37922f03e1.jpg, 0, 1, 0, 0, 0, 0, 0, 0, 0
B8cabugAUt-_jpg.rf.669363cbbef5e55cc2a623ce9507d9c4.jpg, 0, 0, 0, 0, 1, 0, 0, 0, 0
B8iaVc6lZZA_jpg.rf.6de72e55fa961bd8ce2d305496783f01.jpg, 0, 0, 0, 0, 1, 0, 0, 0, 0
BD_-iwWywB9_jpg.rf.69874f34a579a9b5be39c5300c28ca3f.jpg, 0, 0, 0, 0, 0, 0, 0, 0, 1
-xfKMEs37P_jpg.rf.712fed27ef72d2036b95526dc09877df.jpg, 0, 0, 0, 0, 0, 0, 0, 0, 1
B8jQ215pRH1_jpg.rf.6eea1163ad5420c13ff7565f350fac51.jpg, 1, 0, 0, 0, 0, 0, 0, 0, 0
B4ANm_7n5Wc_jpg.rf.6fdae055f0614f5d3ccdc82de5fe2a03.jpg, 0, 0, 0, 1, 0, 0, 0, 0, 0
B2_53qnAC5J_jpg.rf.6eaddcf32db161b7880c3a869f746b4b.jpg, 0, 0, 0, 1, 0, 0, 0, 0, 0
B8g3wVFABFt_jpg.rf.6f61f0dde0d6dc3bc2d4c2092e47952e.jpg, 0, 0, 0, 0, 1, 0, 0, 0, 0
B8N81gVnRks_jpg.rf.70779a97371a5e3985888cf663228eec.jpg, 0, 0, 0, 0, 1, 0, 0, 0, 0
B8hewkSBSIG_jpg.rf.706c7ad149b04944e6a2ea0409f95f71.jpg, 0, 0, 0, 0, 1, 0, 0, 0, 0
jvHZ7tqpPU_jpg.rf.6e69052f0d713d79038a882cc5bc66c4.jpg, 0, 0, 1, 0, 0, 0, 0, 0, 0
82570941_1296956490494421_5099757780006322490_n_jpg.rf.6e70911832a57b17fd5c5562fa7b6b1f.jpg, 0, 0, 0, 0, 0, 0, 1, 0, 0
B8jQI2SD24X_jpg.rf.76a29f93429cbcab94321faeabf5aed9.jpg, 0, 0, 0, 0, 0, 0, 0, 1, 0
B8jQeFIpojq_jpg.rf.74115d4e50c3032c2f0181ef0ded36ac.jpg, 0, 0, 0, 0, 0, 0, 0, 1, 0
B8a_bTIFbB2_jpg.rf.73d4476c6ddb681c2b7fa125c388eb8b.jpg, 0, 0, 0, 0, 0, 1, 0, 0, 0
B6sLnfuBZQd_jpg.rf.7585d1cbef0cfdd2780c2c6dcdb94168.jpg, 0, 0, 0, 0, 0, 0, 0, 0, 1
B8jQ_B_pMRQ_jpg.rf.7298f5cacae4ea5e5417a61c87cf7910.jpg, 0, 0, 0, 0, 0, 0, 0, 1, 0
B7tFJ0sA22a_jpg.rf.7760c4477f4d43a78e79398e63662d89.jpg, 0, 0, 0, 0, 1, 0, 0, 0, 0
B8jLMjSBKPD_jpg.rf.732cf90751708b1d8fe18ef91012d0ec.jpg, 0, 0, 0, 0, 0, 0, 0, 1, 0
BT73etugSK5_jpg.rf.74df05cc43b96affe3be35f5d144f78e.jpg, 1, 0, 0, 0, 0, 0, 0, 0, 0
83456019_488834455377745_2808657855695424008_n_jpg.rf.73166469b99b3567c36691b53c12d32b.jpg, 0, 0, 0, 0, 1, 0, 0, 0, 0
B8o8tR2jG7I_jpg.rf.786411bb29d9f20c711ce0620ad57898.jpg, 0, 1, 0, 0, 0, 0, 0, 0, 0
84593162_189190148816653_9086415951513124884_n_jpg.rf.6e1d37286f59bd5a85dd32cd769a013f.jpg, 0, 0, 0, 0, 0, 0, 1, 0, 0
B8h2edAH8VS_jpg.rf.74c44fa6cd6c3d839fb664339e1c15fd.jpg, 0, 1, 0, 0, 0, 0, 0, 0, 0
B1TwwAjnxNJ_jpg.rf.7435ce5e801b703b26dbf874c2c3af03.jpg, 0, 0, 0, 1, 0, 0, 0, 0, 0
B8GMuQeJEzQ_jpg.rf.704628d37e2ec203f251468516ab6c06.jpg, 0, 0, 0, 0, 1, 0, 0, 0, 0
B8o8Y3SHs_d_jpg.rf.76412cd4370a599adc494013c1c5da71.jpg, 0, 1, 0, 0, 0, 0, 0, 0, 0
B8hQ8VHgzDG_jpg.rf.7916cc1f136565aef4c9a11b37e91b6e.jpg, 0, 0, 0, 0, 1, 0, 0, 0, 0
B3eGYkKBZSx_jpg.rf.78c783a08cdbecde85869207427da228.jpg, 0, 0, 0, 0, 0, 0, 0, 0, 1
82248215_172602164092528_1525306585564056059_n_jpg.rf.78c6ab86750f4bd6594857791bd66d29.jpg, 0, 0, 0, 0, 0, 0, 1, 0, 0
B8eqAdoh-hy_jpg.rf.749524e46c3e7b5a9cf7b76e800a2bcc.jpg, 0, 0, 0, 0, 1, 0, 0, 0, 0
B8jTGv9K7Gm_jpg.rf.78e5377c856d50dfe5599328f4be1cc2.jpg, 0, 0, 0, 0, 0, 0, 0, 1, 0
10-cocaine-social-2e16d0ba-fill-1200x1200_jpg.rf.797eb4156220f407eb6c40242dc1ea57.jpg, 0, 0, 1, 0, 0, 0, 0, 0, 0
8-bagged_cocaine_jpg.rf.782871cc4b23edbf8baa3e28703c571c.jpg, 0, 0, 1, 0, 0, 0, 0, 0, 0
B8dVCYvJAXx_jpg.rf.7afdc43eb1d4469210a69cd7297202b0.jpg, 0, 0, 0, 0, 0, 1, 0, 0, 0
82461615_570911496794229_1345063500717078126_n_jpg.rf.7b467bb86c91ac4f93ea43d7973309e3.jpg, 0, 0, 0, 0, 0, 0, 1, 0, 0
B7DaMdHh5ev_jpg.rf.745c7c3c38c768330fff97c1e816a7ad.jpg, 0, 0, 0, 0, 0, 0, 0, 0, 1
83952177_113395313426533_1706037513190176431_n_jpg.rf.7b7a9a45328f046d7729444b2ba8b2ef.jpg, 0, 0, 0, 0, 0, 0, 1, 0, 0
B8el5jCllBR_jpg.rf.7b26549ff4c0f0866cc8452e830cd959.jpg, 0, 0, 0, 0, 0, 1, 0, 0, 0
B8jav8dBIvN_jpg.rf.7a526ee071af29d9b2c3685dc5d4ab32.jpg, 0, 0, 0, 0, 1, 0, 0, 0, 0
B8N9ShhnUuV_jpg.rf.7b5a05581b06c2649ff3e7fa4129c76f.jpg, 0, 0, 0, 0, 1, 0, 0, 0, 0
0p5KWzTeOJ_jpg.rf.7b69bb16d218e6eb0a4c2c976a80e01e.jpg, 1, 0, 0, 0, 0, 0, 0, 0, 0
Bl3ook-AhW4_jpg.rf.7b4aea973203fa50fef796f61c646461.jpg, 0, 0, 1, 0, 0, 0, 0, 0, 0
B8aHHR2Hig-_jpg.rf.7d17b174d168467c1ea58a5aab7518d7.jpg, 0, 0, 0, 0, 0, 1, 0, 0, 0
B8jQHsIHKdw_jpg.rf.796e277c86c1c9d3abe677de6dd76717.jpg, 0, 0, 0, 0, 0, 0, 0, 1, 0
B8hXxPjBbDd_jpg.rf.7eab0f2e945eb5aa4aaa1b7a0d91e152.jpg, 0, 0, 0, 0, 0, 1, 0, 0, 0
B8jQVOvnrTg_jpg.rf.796700438e6bb7c220ff515514730520.jpg, 0, 0, 0, 0, 0, 0, 0, 1, 0
B0PlO2sHQYN_jpg.rf.7724b4502474be6ac3bc43c6a9eedb83.jpg, 0, 0, 0, 1, 0, 0, 0, 0, 0
B8jQgBRJcy__jpg.rf.7cccd52fafdbb3ac33867ba3db915bfd.jpg, 1, 0, 0, 0, 0, 0, 0, 0, 0
B8o9HLXHgL0_jpg.rf.7f26bdc9f1f13beac1ef72dee92ac00b.jpg, 0, 1, 0, 0, 0, 0, 0, 0, 0
B7fHNioBnS5_jpg.rf.7e91e825a5c8951f1ee8c64e47f4791a.jpg, 0, 0, 0, 0, 0, 0, 0, 0, 1
BBLMjq1NJ9k_jpg.rf.7c23dee49f31d1863acc1f45377f728e.jpg, 1, 0, 0, 0, 0, 0, 0, 0, 0
B-N-1svjmuf_jpg.rf.7ee6606317290ada66b2c6c5e4397538.jpg, 0, 0, 1, 0, 0, 0, 0, 0, 0
B8hfkGXgfvK_jpg.rf.7cac25694bd698bf81a6468512806bbb.jpg, 0, 0, 0, 0, 0, 1, 0, 0, 0
B788b_THrYB_jpg.rf.7c18dcdfd4598cdba9d9455bb19e4ee3.jpg, 0, 0, 0, 0, 0, 0, 1, 0, 0
B9-En1NASk__jpg.rf.80656443dd234199fb0444e7a7bee85c.jpg, 0, 0, 1, 0, 1, 0, 0, 0, 0
B-Mxf4tBJ-F_jpg.rf.7efb89fcd6b7d73cf0b31088d556de4d.jpg, 0, 0, 1, 0, 0, 0, 0, 0, 0
B7UjA6zHjYx_jpg.rf.7ca6f5d243900f9f2e590b0553111953.jpg, 0, 0, 0, 0, 0, 1, 0, 0, 0
84148553_224331458561681_7104268797328669310_n_jpg.rf.7eeb223e729eea18adc80a912bfa1461.jpg, 0, 0, 0, 0, 0, 0, 0, 0, 1
B2rdbEcIXRY_jpg.rf.8037cb6236d4c2972db02c150ce336e2.jpg, 0, 0, 0, 1, 0, 0, 0, 0, 0
83101068_174050917192756_4942165496431352345_n_jpg.rf.7f5a8a7537ae45e2e36021765ae0e18d.jpg, 0, 0, 0, 0, 0, 0, 1, 0, 0
B7pMSUvBmj8_jpg.rf.80e8b9c9980016ad7b4ff76e8719fcab.jpg, 0, 0, 0, 0, 0, 0, 0, 0, 1
B8jT62ihM7C_jpg.rf.83578cbb7ff384a49082531fbba069c7.jpg, 0, 0, 0, 0, 0, 0, 0, 1, 0
_-JGvQvNq6_jpg.rf.813bfa09fc7e700c8dd21b7e12e17d58.jpg, 0, 0, 0, 0, 0, 0, 0, 0, 1
B8jQp06JoUm_jpg.rf.7f843b3ccfd27cb1c01307ac7f014c34.jpg, 0, 0, 0, 0, 0, 0, 0, 1, 0
B8eeP6FnC8C_jpg.rf.81a1b67e12fb41687e815245cf24d40a.jpg, 0, 0, 0, 0, 0, 1, 0, 0, 0
various_pills_blue_background-1064315530_jpg.rf.7ef435ebb3f531e825085480d1da705f.jpg, 0, 0, 0, 0, 0, 0, 1, 0, 0
_I78C-IXXv_jpg.rf.8135eabfe5f035bd82d7234c2e9f020f.jpg, 1, 0, 0, 0, 0, 0, 0, 0, 0
B8o82NyhDLb_jpg.rf.7f9ee0d44b2387a8b9619a33db8991d1.jpg, 0, 1, 0, 0, 0, 0, 0, 0, 0
B8oyUa-BzW7_jpg.rf.844687c6c884161df7c0b11a5ddc3380.jpg, 0, 1, 0, 0, 0, 0, 0, 0, 0
B71p2nHgVBu_jpg.rf.844ea5a7832057c7b58efe59cdb8ea0f.jpg, 0, 0, 0, 0, 0, 0, 1, 0, 0
BDpxcPYqSQ4_jpg.rf.7f50fc9198566a0f12c3a613a5497a65.jpg, 0, 0, 0, 0, 0, 0, 0, 0, 1
BRhY9msBOqu_jpg.rf.84223a8ed1d060e39f7b8232c677ba26.jpg, 1, 0, 0, 0, 0, 0, 0, 0, 0
B8iAtEWIhU8_jpg.rf.7c648ffa931d1c293a05584ca3d7d244.jpg, 0, 1, 0, 0, 0, 0, 0, 0, 0
B2viWLooMUf_jpg.rf.843962c094d6795b7d84c7f1d2fe4bfc.jpg, 0, 0, 0, 1, 0, 0, 0, 0, 0
B9Pgf7_lh9f_jpg.rf.7f440eca700cb929a3ef769b203f43bd.jpg, 0, 0, 1, 0, 0, 0, 1, 0, 0
BRonwb6AvYD_jpg.rf.85b69adb3a142e30a09585a12b3402a3.jpg, 1, 0, 0, 0, 0, 0, 0, 0, 0
BRZhQl8BnB0_jpg.rf.7fe4c74bc1c55bcd33f3ee3a3190d1e6.jpg, 1, 0, 0, 0, 0, 0, 0, 0, 0
B6TlJ_kJ7oF_jpg.rf.8644260103726bcbd02f1f354d0b9acf.jpg, 0, 0, 0, 0, 0, 0, 0, 0, 1
B8iEp4QH5q3_jpg.rf.8629bc4a6d6bf0df481cf3460c54dff4.jpg, 0, 0, 0, 0, 0, 1, 0, 0, 0
B87w4gFBcuN_jpg.rf.8620f92e734a2ff7e81102a5fbc1c4d9.jpg, 0, 0, 0, 0, 0, 0, 0, 0, 1
66290175_142798136828723_4378174846474920682_n_jpg.rf.850101a1ad252cc98cea4a65a2c36130.jpg, 0, 0, 0, 0, 0, 0, 1, 0, 0
Bap1EWbnwSh_jpg.rf.85971359c8f749baac4a1cd2c0ca079e.jpg, 0, 0, 0, 0, 0, 0, 0, 0, 1
B8HbkknnDfG_jpg.rf.8502cbb161317f42f9f0e712c8bcd85b.jpg, 0, 0, 0, 0, 1, 0, 0, 0, 0
83898404_487431288634422_4471753010128829525_n_jpg.rf.0035701c9daf77070e3f9c9153780216.jpg, 0, 0, 0, 0, 0, 0, 1, 0, 0
B7UaBr2Hbbd_jpg.rf.017fe42b8d0cf2e6f28bd9933c12be15.jpg, 0, 0, 0, 0, 0, 1, 0, 0, 0
B5HZxwpgHgb_jpg.rf.005d72035db3b31b4fc6c1f3b120004e.jpg, 0, 0, 0, 0, 0, 0, 0, 0, 1
_ABXI9oXcb_jpg.rf.0080b9a1d9429b0eb32a43946216aeac.jpg, 1, 0, 0, 0, 0, 0, 0, 0, 0
B8cMA3IJ2-__jpg.rf.048b2f6474b78c87482f1a0222d7d204.jpg, 0, 0, 0, 0, 0, 1, 0, 0, 0
6-19e98640a85671570f96dafbf48d54c6_jpg.rf.012cc71afbc84479397ae42b829b0b26.jpg, 0, 0, 1, 0, 0, 0, 0, 0, 0
B0ONkBshSXp_jpg.rf.024832a8c9f1405ff304ceeb8d461a64.jpg, 0, 0, 0, 1, 0, 0, 0, 0, 0
Bg8q1SbA-e9_jpg.rf.055a16829764b96d9a4558654450b8df.jpg, 0, 0, 0, 0, 0, 0, 0, 0, 1
82806499_142319506729712_1774399348523033379_n_jpg.rf.02320922e2996af50aca3c6628aa7800.jpg, 0, 0, 0, 0, 0, 0, 1, 0, 0
B3zfrNKJ11r_jpg.rf.0200c86ef356d734cd0efeb7f7e86263.jpg, 0, 0, 1, 0, 0, 0, 0, 0, 0
B8smmG6j4Vo_jpg.rf.0326e5ce7703cd035a4f1a62b21b299a.jpg, 0, 0, 0, 0, 1, 0, 0, 0, 0
-XZUD3mkat_jpg.rf.005bcce1adc06b1085bf3d9fc3c8ecc7.jpg, 0, 0, 0, 0, 0, 0, 0, 0, 1
B0cjbccg8bg_jpg.rf.0537bb5607b9e598d81b2417b7891765.jpg, 0, 0, 1, 0, 0, 0, 0, 0, 0
B1Q1DRWoIjz_jpg.rf.03bef3f3e2335f01916bc917544ac7be.jpg, 0, 0, 0, 1, 0, 0, 0, 0, 0
B4H2aPCpG8o_jpg.rf.0444106a0aa38ee710c34360b9e5e469.jpg, 0, 0, 0, 1, 0, 0, 0, 0, 0
B91t6dvpHG1_jpg.rf.0634567eb6dcabd77ec22b2908eee827.jpg, 0, 0, 1, 0, 0, 0, 0, 0, 0
B8-lPLsBW2i_jpg.rf.0596903ade738761c48c5498bd62d5af.jpg, 0, 0, 0, 0, 0, 0, 0, 0, 1
B8ozjSjnQnp_jpg.rf.05ed616e4162a74e18c7feaad7e4acdf.jpg, 0, 1, 0, 0, 0, 0, 0, 0, 0
B8a5F-_gvWa_jpg.rf.07e1df0363b3cf5717726e62b0d35d6a.jpg, 0, 0, 0, 0, 0, 1, 0, 0, 0
B8jSn1VDeaM_jpg.rf.05a8ac4197ad0b129b1f87421afb677b.jpg, 0, 0, 0, 0, 0, 0, 0, 1, 0
BRlg7Z4gILt_jpg.rf.08e204583f4ade5342950a140c029ac5.jpg, 1, 0, 0, 0, 0, 0, 0, 0, 0
B8aggWHJSFO_jpg.rf.06504fcf91e9d26297e8a53383253521.jpg, 0, 0, 0, 0, 1, 0, 1, 0, 0
B8h2VO8HQ0P_jpg.rf.08719243a1f7b311ea4cf886ea787b56.jpg, 0, 0, 0, 0, 0, 1, 0, 0, 0
B6O8DhBH9ZC_jpg.rf.0a14231b5b8c23d1118a43eec052e45f.jpg, 0, 0, 0, 0, 0, 0, 0, 0, 1
65474143_2426266020993656_326171259641284951_n_jpg.rf.0b81cfe2dc8ca3004d927b967d428baf.jpg, 0, 0, 0, 0, 0, 0, 1, 0, 0
BBLVbISySW4_jpg.rf.0878047dec48555173c94d2b887418a2.jpg, 0, 0, 0, 0, 0, 0, 0, 0, 1
B8pBcRMnIVu_jpg.rf.0bdc57722f6b6aae2b88d70e613037a1.jpg, 0, 1, 0, 0, 0, 0, 0, 0, 0
B3urQtiJ3tw_jpg.rf.0a135554ce0793742fdc6153c47874fc.jpg, 0, 0, 0, 1, 0, 0, 0, 0, 0
B8nwUkehkbE_jpg.rf.0ad3d7cd76b1d8fe68881b734d9e06f1.jpg, 0, 0, 0, 0, 1, 0, 0, 0, 0
Bap5YihHx3C_jpg.rf.0828d2efe525203df492b8b8f1a9c6f3.jpg, 0, 0, 0, 0, 0, 0, 0, 0, 1
B93TjeCgM5T_jpg.rf.0f7690a3e46e6c530c1b50c4f26eb172.jpg, 0, 0, 1, 0, 0, 0, 0, 0, 0
B74U1EcB5vQ_jpg.rf.0e1e80a59fa1fe5112cd0a925b5d4053.jpg, 0, 0, 0, 0, 0, 0, 1, 0, 0
B1dGytzoGgA_jpg.rf.0b98cc4d35f6f7edc24f5090a9aab281.jpg, 0, 1, 0, 0, 0, 0, 0, 0, 0
B7E4zYLh1Oa_jpg.rf.0e465c855593ad838272ede84cc97f7b.jpg, 0, 0, 0, 0, 0, 0, 1, 0, 0
B8hC-GSlnzF_jpg.rf.0fab2602925204208fb465d535910236.jpg, 0, 0, 0, 0, 0, 1, 0, 0, 0
B2OdI7Nj8qW_jpg.rf.0b96af354376d9671ec6f9a8b0038071.jpg, 0, 0, 0, 1, 0, 0, 0, 0, 0
Bj0tDsCnq4E_jpg.rf.0c74487b30413179d6e4e2bb1807cd7c.jpg, 0, 0, 0, 0, 0, 0, 0, 0, 1
B8dsIOGAVfM_jpg.rf.0fad71e63b7217104bc83d53655f0f1c.jpg, 0, 0, 0, 0, 0, 1, 0, 0, 0
5-169452080-768x494_jpg.rf.0bd6f2ccd56a5700ded5f5b092c41859.jpg, 0, 0, 1, 0, 0, 0, 0, 0, 0
B8Zb3sQHDrZ_jpg.rf.10fce3f816d5556ad0e316f3f997d463.jpg, 0, 0, 0, 0, 0, 1, 0, 0, 0
B7kKQ6_BKPP_jpg.rf.0fda4328660382119e52aefa19acc13b.jpg, 0, 0, 0, 0, 0, 0, 0, 0, 1
B8hq67WHVqn_jpg.rf.10f945929374345e52573cf59b81f583.jpg, 0, 0, 0, 0, 0, 1, 0, 0, 0
B8jQncMHIA0_jpg.rf.132bec1fcabb8c9276aa551caa4e587e.jpg, 0, 0, 0, 0, 0, 0, 0, 1, 0
BSC2geagbw-_jpg.rf.13014a7936a4aae2bd8117d283732fb0.jpg, 1, 0, 0, 0, 0, 0, 0, 0, 0
B8hU-yelKrZ_jpg.rf.0d9ec4001c1a1cb40dd4ad1a2ce1ed5a.jpg, 0, 0, 0, 0, 0, 1, 0, 0, 0
B8jRZVYlXQe_jpg.rf.10d8319444d4960328c6e1639e997507.jpg, 0, 0, 0, 0, 0, 0, 0, 1, 0
B8o9VpCpySU_jpg.rf.14f88c67e66923e4b6313af1c0ba36a2.jpg, 0, 1, 0, 0, 0, 0, 0, 0, 0
B8jReFgBfRn_jpg.rf.146912129234fac7efb215c6cb120df5.jpg, 0, 0, 0, 0, 0, 0, 0, 1, 0
BfJvDsbAqEG_jpg.rf.0fcd44386ebe941f44e41aa0538345d5.jpg, 0, 0, 0, 0, 0, 0, 0, 0, 1
BfZovFfjd6z_jpg.rf.129c0639bc6a89d7394b117a07983d61.jpg, 1, 0, 0, 0, 0, 0, 0, 0, 0
B6T7tZJHt8W_jpg.rf.114edc13a5c24c3f5d86882961c76c66.jpg, 0, 0, 0, 0, 0, 0, 1, 0, 0
B8o7XvvH0NA_jpg.rf.12a53cd6262c0b2f837ecaa9cb6fe8df.jpg, 0, 1, 0, 0, 0, 0, 0, 0, 0
B2mJpMxAUg0_jpg.rf.17446dfa00d29c47cc7b9e3d70cd95c9.jpg, 0, 0, 0, 1, 0, 0, 0, 0, 0
B8pAiv0D6sS_jpg.rf.18e95851a6ce50d7b50859808a3c8aa3.jpg, 0, 1, 0, 0, 0, 0, 0, 0, 0
3SZmD4BXen_jpg.rf.1816c9ba1453dccb0f2c4f5c7d03ddb5.jpg, 1, 0, 0, 0, 0, 0, 0, 0, 0
B90hSbwnERS_jpg.rf.1775a81dfed9efcda8b4d82c5bff2183.jpg, 0, 0, 1, 0, 0, 0, 0, 0, 0
B9pEOWVJuZ__jpg.rf.1713afa774183283434e442ebaf85d5f.jpg, 0, 0, 1, 0, 0, 0, 0, 0, 0
B8ciC2pHGEt_jpg.rf.1581144312211ef99d0fab2f457368db.jpg, 0, 0, 0, 0, 0, 1, 0, 0, 0
BRoAU3SgV8Y_jpg.rf.1175fb45fcf079a2403a93649b75cc92.jpg, 1, 0, 0, 0, 0, 0, 0, 0, 0
B4mfhX7A_gS_jpg.rf.185591ca79ac93bcba2ff8900e4e313a.jpg, 0, 0, 0, 1, 0, 0, 0, 0, 0
B8oz-bznq3m_jpg.rf.16ae901b8484c8fc0fa539d76fd68ae2.jpg, 0, 1, 0, 0, 0, 0, 0, 0, 0
B2-AJcUF9wY_jpg.rf.15151e2d49574abe98bd53828391e512.jpg, 0, 0, 0, 1, 0, 0, 0, 0, 0
B8hrpbpnXy-_jpg.rf.12a68ab4a00122adf235def3bec3eea8.jpg, 0, 0, 0, 0, 0, 1, 0, 0, 0
B8ozyMHo_XX_jpg.rf.191c380ab54971f423a911107c915042.jpg, 0, 1, 0, 0, 0, 0, 0, 0, 0
B8jV65Gn8tw_jpg.rf.15dc26670099a2075eddd2c241fe5d9a.jpg, 0, 0, 0, 0, 1, 0, 1, 0, 0
BeQRiD0BpIt_jpg.rf.14a451551834027dac0e10cbc3713f2a.jpg, 0, 0, 0, 0, 0, 0, 0, 0, 1
B96wtzxBzeY_jpg.rf.14fa01368a4f45d1b707160d6efdfca6.jpg, 0, 0, 1, 0, 0, 0, 0, 0, 0
B3knFMFlJyE_jpg.rf.0c07d2a3d9af78f4ce5f4b68ee95b6fe.jpg, 0, 0, 0, 1, 0, 0, 0, 0, 0
65300410_384666485587740_400959237260732576_n_jpg.rf.1dce8b316b645f5f7f57a3355663fd4e.jpg, 0, 0, 0, 0, 0, 0, 1, 0, 0
B8jLBv7Fnea_jpg.rf.1bbe292fa12fb740a5fb648c6a1bf398.jpg, 0, 0, 0, 0, 0, 0, 0, 1, 0
B8fntOWhpqb_jpg.rf.1b5ac61e88f7ce4ee4e4f3c21dcf712a.jpg, 0, 0, 0, 0, 1, 0, 0, 0, 0
82443346_489916608587999_8766334127876569126_n_jpg.rf.1d03fd63175db6ea8a01943e58181e87.jpg, 0, 0, 0, 0, 0, 0, 1, 0, 0
Fentanyl_AP_183118499329_jpg.rf.1b1363b0be1525981af14fdacf6e9cbc.jpg, 0, 0, 0, 0, 0, 0, 1, 0, 0
B8pAIYbopIn_jpg.rf.1d7d611f2db1396c03d568e7f5da0a0a.jpg, 0, 1, 0, 0, 0, 0, 0, 0, 0
B8jSLueh1vY_jpg.rf.19b7b262cc6d42a7a3aebb3774c80746.jpg, 0, 0, 0, 0, 0, 0, 0, 1, 0
B72kDIEJLCm_jpg.rf.1d2ab88252f6998014a569130790a01c.jpg, 0, 0, 0, 0, 0, 0, 0, 0, 1
B8ZmR2VAupa_jpg.rf.1af1905d37434c14ae591536733164a2.jpg, 0, 0, 0, 0, 0, 1, 0, 0, 0
B8pB3EsI-R1_jpg.rf.1ca6f217643d5908859b5a779e98494e.jpg, 0, 1, 0, 0, 0, 0, 0, 0, 0
BgIhb3UhDRn_jpg.rf.1b02172685e4721a2671a35b0d0c3596.jpg, 0, 0, 0, 0, 0, 0, 0, 0, 1
B7CeVN3FcJg_jpg.rf.1952cd1bdd3a525ee05ce578acd0a0a3.jpg, 0, 0, 0, 0, 0, 0, 1, 0, 0
B8o_jxWovIc_jpg.rf.1d3d07fcb6280449d27870c528b40856.jpg, 0, 1, 0, 0, 0, 0, 0, 0, 0
B8pB7r5nBtx_jpg.rf.1ce9d2bcb3dd6ddef34df5c387560a77.jpg, 0, 1, 0, 0, 0, 0, 0, 0, 0
B2H5B-fHSXR_jpg.rf.1cc0bee4a2914ba216b9eb68aa592e93.jpg, 0, 0, 0, 1, 0, 0, 0, 0, 0
-SPVxeoOvY_jpg.rf.1d13d2fcb88730afa9c8f9b0492279a4.jpg, 0, 0, 0, 0, 0, 0, 0, 0, 1
B8UH7DhntME_jpg.rf.1c36cd1660a3e20c7266c3cde4cbeb05.jpg, 0, 0, 0, 0, 1, 0, 0, 0, 0
132919_Pink_Elephants_on_Parade_Blotter_LSD_Dumbo_jpg.rf.1ab3f343dc71e988fa338891aa0743a5.jpg, 0, 0, 0, 0, 1, 0, 0, 0, 0
83054315_177869446872194_4664569840754066535_n_jpg.rf.1df9873ea47a11ee92a7dda507e3b492.jpg, 0, 0, 0, 0, 1, 0, 0, 0, 0
B8aHB8eFzlk_jpg.rf.2327f1d4a5719c0afa5fadba5b507907.jpg, 0, 0, 0, 0, 0, 1, 0, 0, 0
BfcYUI_h2K5_jpg.rf.15391a232459fcf8e23f218ae8f2bca7.jpg, 0, 0, 0, 0, 0, 0, 0, 0, 1
9-cocaine_jpg.rf.221b000ef376a7e007ee724d3278f1b2.jpg, 0, 0, 1, 0, 0, 0, 0, 0, 0
B8hTznyJ60O_jpg.rf.1f07346f36e35b78790b2bfad65b1973.jpg, 0, 0, 0, 0, 1, 0, 0, 0, 0
B2Ql8ZYo6wr_jpg.rf.19eee7acf78ba310d484aa999597a548.jpg, 0, 0, 0, 1, 0, 0, 0, 0, 0
B2l_LrUhYAV_jpg.rf.2190e9285c89ef51845e6ba433c7f343.jpg, 0, 0, 0, 1, 0, 0, 0, 0, 0
B8IANltHFzZ_jpg.rf.1f979a98936ed728ed1ee76f1e1704fb.jpg, 0, 0, 0, 0, 1, 0, 0, 0, 0
B8ozjAvoD_M_jpg.rf.1f15eb426f8730e720600294d5db780b.jpg, 0, 1, 0, 0, 0, 0, 0, 0, 0
B2Kl1CHJl9q_jpg.rf.21ecce0aed2f0bef517f6fe54ecbe0a8.jpg, 0, 0, 0, 1, 0, 0, 0, 0, 0
BAuswMXoFza_jpg.rf.2519b6f49779da80ea9c82bbc3d8a625.jpg, 1, 0, 0, 0, 0, 0, 0, 0, 0
B71boLlhRl7_jpg.rf.1e933617ea2c6947f2a57a600eaa15a2.jpg, 1, 0, 0, 0, 0, 0, 0, 0, 0
82495190_128856175301810_3392947472931609762_n_jpg.rf.264a43e2ffe963652d99e3b33a79a10c.jpg, 0, 0, 0, 0, 0, 0, 1, 0, 0
83135245_2460392160868358_7571523021099351639_n_jpg.rf.274032cff4c28c5814a729b679c9680a.jpg, 0, 0, 0, 0, 0, 0, 1, 0, 0
B9qU10hh3S1_jpg.rf.1d58ebcec2bb5cd9d4e4704220bf12ca.jpg, 0, 0, 1, 0, 0, 0, 0, 0, 0
B8jPwk1hz5N_jpg.rf.23394e2725939ae1f220b5f318d52377.jpg, 0, 0, 0, 0, 0, 0, 0, 1, 0
BOYSnX7FYMp_jpg.rf.269129bc6f72cf73dcc91442e9e03a35.jpg, 1, 0, 0, 0, 0, 0, 0, 0, 0
BClpXnmoXQV_jpg.rf.23e74d3a632aa24a051ea9485d9580b4.jpg, 1, 0, 0, 0, 0, 0, 0, 0, 0
B8UICu7nOBd_jpg.rf.240a43dbec78662aacba19243009d06c.jpg, 1, 0, 1, 0, 1, 0, 1, 0, 0
B7tE7aeAHKy_jpg.rf.281b01e4f48e365817a0035094f401a4.jpg, 0, 0, 0, 0, 1, 0, 0, 0, 0
82936732_200965731057470_6651161243365101482_n_jpg.rf.24c7cee40226de8249b8ee74fc965132.jpg, 0, 0, 0, 0, 0, 0, 1, 0, 0
B8FMxlAHMOf_jpg.rf.288b0ffbee385053bb7f804fdb9f2025.jpg, 0, 0, 0, 0, 1, 0, 0, 0, 0
BSpbBhEj2jQ_jpg.rf.21ccd72cfd3d5f99e33a80ecc0794dfa.jpg, 1, 0, 0, 0, 0, 0, 0, 0, 0
B6n-NCUg_xH_jpg.rf.2777c49b04d93eaf7dbbc4d3057a331e.jpg, 0, 0, 0, 0, 0, 0, 1, 0, 0
B8jLlcXB0tK_jpg.rf.2710a152957a24b126a53b6739aeccbd.jpg, 0, 0, 0, 0, 0, 0, 0, 1, 0
B3GPzJYBxg1_jpg.rf.22fafa18eafe34fad40e84292f69159c.jpg, 0, 0, 1, 0, 0, 0, 0, 0, 0
B1twc9Zhn9W_jpg.rf.247528ea141b1efd51c2b3d5bac1d78f.jpg, 0, 0, 0, 1, 0, 0, 0, 0, 0
B8oz48mH7FF_jpg.rf.23b4a6f893baf46f50bb6c269be3206b.jpg, 0, 1, 0, 0, 0, 0, 0, 0, 0
B8C0D2kDAbk_jpg.rf.29d3416fd3543b26a7b0ab247d3af40c.jpg, 0, 0, 0, 0, 0, 0, 0, 0, 1
B8g98TEnAHf_jpg.rf.1f38f402f8f39fa5e5cf0839add46c59.jpg, 0, 0, 0, 0, 0, 1, 0, 0, 0
B8jQNp4nc97_jpg.rf.27a9ec509972abc64dc5d8b9fdbc22da.jpg, 0, 0, 0, 0, 0, 0, 0, 1, 0
B25PXwjBvGT_jpg.rf.285cec600eb53a6f89b8d26d0d1c9433.jpg, 0, 0, 0, 0, 0, 0, 0, 0, 1
B8ehP0VFqp6_jpg.rf.2c3cefff80de455ee98fcb65f045190c.jpg, 0, 0, 0, 0, 1, 0, 0, 0, 0
B8hJN5Phr-b_jpg.rf.2b11a31865293a2b0fb313e60ce13ee5.jpg, 0, 0, 0, 0, 0, 1, 0, 0, 0
B8o_HWyAzfl_jpg.rf.29290acea378e850aaaf4b7a4a349f58.jpg, 0, 1, 0, 0, 0, 0, 0, 0, 0
6BNr0QOoep_jpg.rf.2b319cc2c05012779746e0eb32f5b6b8.jpg, 1, 0, 0, 0, 0, 0, 0, 0, 0
B4MWrhIJGyY_jpg.rf.29dfcdc51f4ad3b843f2a004d8581610.jpg, 0, 0, 0, 1, 0, 0, 0, 0, 0
B3j5QEXFtTZ_jpg.rf.29407319d286e965d318c757de5cfb02.jpg, 0, 0, 0, 1, 0, 0, 0, 0, 0
B2bScWupQjs_jpg.rf.2924b14279cc6f9154d719f9379fc662.jpg, 0, 0, 0, 1, 0, 0, 0, 0, 0
B2qbQ6xIquP_jpg.rf.2ace292b4fab14cc12fc49c38249c271.jpg, 0, 0, 0, 1, 0, 0, 0, 0, 0
B8pAr9zgFNO_jpg.rf.27496b99d7719567d043c484eab736d5.jpg, 0, 1, 0, 0, 0, 0, 0, 0, 0
8ByfZ8o4aS_jpg.rf.2cd895d0582c3c576b7c40d7795bf075.jpg, 0, 0, 0, 0, 0, 0, 0, 1, 0
70758970_708992229579223_8025644987252644366_n_jpg.rf.29fd4dd3af2de1bbae3b9a133d74a473.jpg, 0, 0, 0, 0, 0, 0, 1, 0, 0
82833571_483187422396857_2194629733939688292_n_jpg.rf.2dd24c85c23026fa30c28cbdb49241a3.jpg, 0, 0, 0, 0, 0, 0, 1, 0, 1
B8FZGtjj-nX_jpg.rf.2b98da6d97c2a87b5d4c36b593208073.jpg, 0, 0, 0, 0, 1, 0, 0, 0, 0
84321043_186982795864810_8165926170615611864_n_jpg.rf.2f63f08097ba0aab4cf9f6874510e4c2.jpg, 1, 0, 0, 0, 0, 0, 0, 0, 0
1i_rB8I5Xa_jpg.rf.2e6795f736b921373867efb89305cf12.jpg, 0, 0, 0, 0, 0, 0, 0, 0, 1
83621939_1137440376431100_1640849555781128200_n_jpg.rf.2da456313d7a7bba04d62cc473060c8e.jpg, 0, 0, 0, 0, 1, 0, 0, 0, 0
83118728_183021822911984_2830836647855549168_n_jpg.rf.2bba0634d86d6af31a4679d108bfd386.jpg, 0, 0, 0, 0, 1, 0, 0, 0, 0
83637096_2304354379864573_2049906516268300196_n_jpg.rf.2e522941307231977a840d6056391ca4.jpg, 0, 0, 0, 0, 0, 0, 1, 0, 0
11-lines-of-cocaine_jpg.rf.2e838ba6fbe68a8df59a5c320065dec2.jpg, 0, 0, 1, 0, 0, 0, 0, 0, 0
B8ldc2nn-DA_jpg.rf.2d47e79a10a482afeda8cd29716888f4.jpg, 0, 0, 0, 0, 1, 0, 0, 0, 0
B8l2o8-l8eu_jpg.rf.2f3055aa5c785c8a075ce7cf70aa201f.jpg, 0, 0, 0, 0, 1, 0, 0, 0, 0
BfZHMvyDljb_jpg.rf.281ce0ce74798e9679ebb80535d716ac.jpg, 1, 0, 0, 0, 0, 0, 0, 0, 0
B7UK23FnrW2_jpg.rf.2e7ab7c83c1fa9f788464dbf332b6b4c.jpg, 0, 0, 0, 0, 0, 0, 1, 0, 0
B8f1tjHn0eL_jpg.rf.2e99820bd8fd768c2e8075eb2b655d4b.jpg, 0, 0, 0, 0, 0, 1, 0, 0, 0
B8o77irnea2_jpg.rf.2fbde104f55056dfb62c5285d4828a7f.jpg, 0, 1, 0, 0, 0, 0, 0, 0, 0
BR9RQZ-gzYf_jpg.rf.2f822f88b7a67dd01b645b66f859dd08.jpg, 1, 0, 0, 0, 0, 0, 0, 0, 0